epoch,slot,miner,proposer_stake,timestamp,block_hash,tx_count,throughput,avg_path_length,min_path_length,max_path_length,median_path_length,stake_concentration,gini_coefficient,consensus_type,consensus_state,avg_tx_delay_s,block_production_success,block_production_failed
0,2,0x63f4973c0df8a5358405f396dc0673a463c48de9,3.901237,1772272654,bd83bd6cfde76bd31cdd5e5f991bf1b85ee5c0b70f9e10a721cd0d62d8ee22d3,1,0.00,1.00,1,1,1,0.024405,0.600029,POS,pos,0.00,0,0
0,3,0xac768e60b9269babb15cb1e36ee843243d7c7543,3.718288,1772272656,ecebef0ccaf061e2e585a4b737ec1a64f8ab3ef99dd60636ab7b49f44fe2f72f,450,75.00,3.82,1,7,4,0.024791,0.603545,POS,pos,2.55,1,0
0,4,0xb7b4ee0a72bc410bf6d32b9cd3f3e11fc756d6f1,0.083529,1772272658,97a0c27d91b037dd80e5b764b092767fd61eafddd91b0634a91248a3b10bbf5b,328,164.00,3.93,1,11,4,0.025122,0.606655,POS,pos,2.31,2,0
1,0,0xdcf2130496e27a8094ab996aea4aa77788d65869,4.505537,1772272661,b40d4a1b19424db04a438dc8ce3f53e7641d31dd1f98cd8119aa6e802ca7fe7f,450,225.00,4.09,1,9,4,0.024747,0.601165,POS,pos,2.66,3,0
1,1,0xac768e60b9269babb15cb1e36ee843243d7c7543,4.721388,1772272662,b1a86d484f138eeff1bb23f7ddf9a080f83ed068869046d540fa0d9a58c7ddcc,176,88.00,4.11,1,8,4,0.025200,0.604764,POS,pos,2.76,4,0
1,2,0xe6ebb0cdfd04183d498964e5efc4096ba77b17d6,4.294183,1772272664,583555bb213a7ea07cc7f49f737abb7822548b0442020360c71c5fc947c7570a,244,244.00,4.10,1,7,4,0.025673,0.608283,POS,pos,2.15,5,0
1,3,0x3513d672439a59c26cc5711f2b715ccb4810a774,1.292345,1772272666,f0f3269ff1f670105c81478f0b608b31a06a67f85a05cb1f3d6073ffe8c14f0e,450,225.00,4.29,1,7,4,0.026048,0.611355,POS,pos,2.64,6,0
1,4,0x4a217e35f6402e7f62a49f6d62e27c6585c2f3fd,1.492667,1772272668,00d71733b672cf1373cb806414e5f04b69e231779af4ed279707ec77429a729b,55,27.50,3.16,1,5,3,0.025878,0.611001,POS,pos,3.67,7,0
2,0,0x58a21eeb7ab18ba8adf1296e66a4487076e95dac,4.092754,1772272670,cabee71565f569d2afd0d696724bcee3f4a968cdbd47fcdc5c33183453d46f7d,450,225.00,3.94,1,7,4,0.025744,0.610933,POS,pos,2.50,8,0
2,1,0xd46407aa7b668c72de3cf1c1a12b7fa2e308a1b2,1.991169,1772272672,aa1532c0970d1de0fe5cc70eaf08193235936adca755189ec201c3f90982be69,44,22.00,3.50,1,6,4,0.026048,0.613625,POS,pos,2.70,9,0
2,2,0xa068e3c9a21c8d8be636cd2d285895979ec3262e,0.968541,1772272674,f7243bd048e9bee04bc9492e46929635a6bdbe50c97bd64d6bef6d44ec4707c3,450,150.00,4.07,1,7,4,0.025990,0.614397,POS,pos,3.57,10,0
2,3,0x4414c05be2cf328f38d2e3ef4b705d6b894f044a,2.089039,1772272676,df8a83fb10612ac57a4c7a8da4ee9eb086779b0b27d8115dcddcef7135dab36d,55,55.00,3.42,1,6,3,0.025764,0.613028,POS,pos,2.95,11,0
2,4,0xc24b36dee27726233c3bbd9e1f028f98b6b2a424,2.412989,1772272678,c36cbfe12f95b7d6e35d68167d69331c4c0490d75b26308770c6fe6b5e626edb,450,150.00,4.10,1,6,4,0.025720,0.613810,POS,pos,3.49,12,0
3,0,0xe6ebb0cdfd04183d498964e5efc4096ba77b17d6,5.298313,1772272680,bfbed1c533515414f3a61f4682ffbf7f1ef43c273f40786e469a8fb16cc7f6af,79,79.00,2.95,1,7,3,0.025725,0.615041,POS,pos,1.33,13,0
3,1,0xeb82a21cb3d0dd781eb22ad74bb7cd9b4d2a06ec,2.923925,1772272682,532cc58a0ae0464e4cd1f0f165bd4c55ce4be6b983ba5a3e3edf6a070cf24634,450,150.00,4.44,1,7,4,0.026172,0.618260,POS,pos,3.59,14,0
3,2,0xac768e60b9269babb15cb1e36ee843243d7c7543,5.723358,1772272684,67ef59c7525d50ad7c659f6445b8e7061fd758d1fa9de2496c312d3dd58c3112,118,118.00,3.22,1,4,3,0.026238,0.620089,POS,pos,1.34,15,0
3,3,0xac768e60b9269babb15cb1e36ee843243d7c7543,6.727838,1772272686,bed3d33584c1c4bbc8f8cc0cdc0cea193ef5281cae849940dd1140e7353ea2f9,450,150.00,3.79,1,7,4,0.026717,0.623222,POS,pos,3.21,16,0
3,4,0xeb82a21cb3d0dd781eb22ad74bb7cd9b4d2a06ec,3.924965,1772272688,3c3383d62324bd5474eff1470ee9c770b6377830b1734890944ffd63c95012bb,157,157.00,3.52,1,5,4,0.027322,0.626390,POS,pos,1.10,17,0
4,0,0x89100a8056319ba37491b32ba255004180607bc2,2.786617,1772272690,b94cb8ea786d4c249e36e63fda389dbf81a127db81de05b3c56b12ae7dabb306,450,150.00,4.09,1,7,4,0.027499,0.628533,POS,pos,3.60,18,0
4,1,0x58a21eeb7ab18ba8adf1296e66a4487076e95dac,5.092514,1772272692,06c47bcad6a09614684fa3993ba86d54bbf1b903bf0202f9d750f885ee5d47ee,300,150.00,3.46,1,5,4,0.027505,0.629887,POS,pos,3.29,19,0
4,2,0xac768e60b9269babb15cb1e36ee843243d7c7543,7.729248,1772272694,9e2bca63f3c0eb3275336323ea53141a8e3dcf1d3cbe74752960cee8d1847f70,450,225.00,4.27,1,7,4,0.027829,0.632524,POS,pos,3.22,20,0
4,3,0xac768e60b9269babb15cb1e36ee843243d7c7543,8.731628,1772272696,50cd24298d649f1f66255505854e027f2717791c294f30c5dbca8da35fd07bcd,244,122.00,3.88,1,9,4,0.028499,0.635512,POS,pos,3.23,21,0
4,4,0x26d553a2f4343b3a7dc88bbd87b3d0a25d3838d9,3.218320,1772272699,89fa749d80c29fc85a0bc5106042fb1a290a7cb4b087d57cf6a54eebd200848f,450,225.00,4.28,1,12,4,0.029280,0.638462,POS,pos,2.59,22,0
5,0,0x58a21eeb7ab18ba8adf1296e66a4487076e95dac,6.096824,1772272700,6dbea33038526dd640767a12b35409845c324ae59d402db001fecadc3910e140,115,57.50,3.57,1,11,4,0.029299,0.639991,POS,pos,7.53,23,0
5,1,0xdcf2130496e27a8094ab996aea4aa77788d65869,5.506417,1772272702,8572774484677f0baa9402d4f27e72aa4eedb7fe271e5a20ad67ca9b01672077,248,248.00,4.08,1,7,4,0.029689,0.642651,POS,pos,2.14,24,0
5,2,0xac768e60b9269babb15cb1e36ee843243d7c7543,9.735838,1772272704,00864d716df4644240a958ea176fc4b942b163b61993bb27f1972fe6a6b18e9a,431,215.50,4.15,1,7,4,0.029691,0.642677,POS,pos,2.68,25,0
5,3,0x4a217e35f6402e7f62a49f6d62e27c6585c2f3fd,2.496267,1772272706,7fcd32f0c5e2c6bd1bbfe464960d50f4cf21e6f51c0ac85736cab4a09943b7c2,86,43.00,2.91,1,5,3,0.030531,0.645482,POS,pos,1.79,26,0
5,4,0xac768e60b9269babb15cb1e36ee843243d7c7543,10.736588,1772272708,0627fe679afee88ab38349b3520bc582916ff79d4add09bddfc3194fbeb0b048,450,150.00,3.71,1,6,4,0.030533,0.645507,POS,pos,5.83,27,0
6,0,0x606627477c3734932f47972f83c27cf4e3b35b4f,3.376377,1772272710,be98f3fb1c6299251a3d849eebb34b1e4f89c588fc19b16dd650526a1eeac67f,160,160.00,3.29,1,7,3,0.031470,0.648276,POS,pos,2.16,28,0
6,1,0xac768e60b9269babb15cb1e36ee843243d7c7543,11.738078,1772272712,ef9eecdf22ae5f054993ab5717836093465dd4471fc46f5c709697d2c5ffa68f,450,150.00,4.04,1,7,4,0.031459,0.649669,POS,pos,4.75,29,0
6,2,0xac768e60b9269babb15cb1e36ee843243d7c7543,12.739738,1772272714,30056182359bc7710bfaea3ace9c61cbe1bf57170d0722df25c5b1111477fec5,170,170.00,3.39,1,8,3,0.032469,0.652358,POS,pos,1.36,30,0
6,3,0xa3786e459f289a76c0e8af8ad834e3d0c6d47199,4.725753,1772272716,249b97467e578c7aa7aecf70e10a35816427ef1fb08c746676ce1a945eed4a76,450,150.00,4.45,1,7,4,0.033567,0.655014,POS,pos,3.06,31,0
6,4,0xc24b36dee27726233c3bbd9e1f028f98b6b2a424,3.412809,1772272718,1792517798388008254d0a5185457a0f549d9d5a50a6e1bee41d65dc0dea974f,266,133.00,4.04,1,11,4,0.033569,0.655040,POS,pos,6.29,32,0
7,0,0xac768e60b9269babb15cb1e36ee843243d7c7543,13.744108,1772272720,8e1575ab5e8f6fc00c75303a1cc87cd75da60770ca3845c84e0d046db4a836de,450,225.00,3.95,1,7,4,0.033619,0.658138,POS,pos,4.00,33,0
7,1,0x07902d0371763a00d97ed9ba16ff0a206cb0fd19,2.530359,1772272723,4eabffb97c60c30b1e084f3582968c9c13a8b087c2c12c4e5f18f15b833583d9,313,156.50,3.75,1,6,4,0.034755,0.660701,POS,pos,2.57,34,0
7,2,0xeb82a21cb3d0dd781eb22ad74bb7cd9b4d2a06ec,4.928675,1772272724,0b5425f5993a5aa95c7471b23ddcaf7e5d0dba83ce21ddafdbc69de2b1d2e662,450,225.00,2.91,1,5,2,0.034756,0.660712,POS,pos,6.39,35,0
7,3,0x58a21eeb7ab18ba8adf1296e66a4487076e95dac,7.098644,1772272726,8dcbf0b7825df7bc7513121b2c70ca70ec824160511805325dfd78595e5249c6,110,110.00,3.37,1,5,4,0.034852,0.662559,POS,pos,5.10,36,0
7,4,0xdcf2130496e27a8094ab996aea4aa77788d65869,5.505727,1772272728,9c8aa05cbba38614e8e6abd186604cf3a7702bfacd32cf65a94054cfb388d3ac,354,177.00,3.75,1,7,4,0.035184,0.664888,POS,pos,4.11,37,0
8,0,0x408bb0bf84df50b21c53c74420987f172d4036a1,0.797684,1772272730,e3d47ceb8569491c64c8ce77782cec09e565aad748848210bcc15677771608d4,302,151.00,3.80,1,9,3,0.035326,0.666816,POS,pos,2.96,38,0
8,1,0x408bb0bf84df50b21c53c74420987f172d4036a1,0.797664,1772272732,c7729d027b4dc4ff638975f3138d90a066afbefccfa3f62cd63e83b70679fbdd,450,150.00,4.03,1,10,4,0.035328,0.666841,POS,pos,5.48,39,0
8,2,0x6d6b2734a20229ddd7fd4a1470ba3e3bad4e4a85,1.641704,1772272734,5d5a1c159314544fdb2860ecc9e047e2ad946d6ab246a4973b34a2f26dacbbf7,157,157.00,3.17,1,4,3,0.034952,0.664850,POS,pos,1.66,40,0
8,3,0x4ba33404d90c4ae989714d9d174cd882cffb7994,1.117102,1772272736,7bc749542c5ab692203bbbf9d4d5c8a763c5a13a5536e08d32de5cf54fde9df4,450,150.00,4.02,1,7,4,0.034673,0.664245,POS,pos,6.04,41,0
8,4,0xe478b1e4d1538274c0c70cbd7df877f9abab2f62,2.298376,1772272738,52149ef973597b838be93c3a30a32d205ad53b75abf26b1cb9056bad969ad62f,260,130.00,3.69,1,9,4,0.034343,0.662747,POS,pos,9.33,42,0
9,0,0xa447d277b02012c2afd9ddcbbe123f27cc971963,1.807285,1772272740,e96965fd82e8448e530d26650621e4d56ab6554e1e8103d3ebef75b7c45e2526,450,225.00,3.97,1,6,4,0.034141,0.662912,POS,pos,4.06,43,0
9,1,0xe478b1e4d1538274c0c70cbd7df877f9abab2f62,3.302776,1772272742,73371d4f349336666bdb279a37d5151c7a7a3ce209c490e3f65bc09780c9f0b6,250,125.00,3.41,1,6,3,0.033892,0.662339,POS,pos,6.94,44,0
9,2,0x26d553a2f4343b3a7dc88bbd87b3d0a25d3838d9,4.218310,1772272745,817608d0ddc9231e42e9420632620fc7d45640f4f006cc3f9eed228a53c8e807,450,225.00,4.14,1,6,4,0.033798,0.663194,POS,pos,2.61,45,0
9,3,0xc24b36dee27726233c3bbd9e1f028f98b6b2a424,4.416579,1772272746,a3e67cbf6ca5751dd7b839df4545e53d81cfaa3f4218225a860fc85f43c55744,240,120.00,3.33,1,5,4,0.033793,0.664507,POS,pos,7.51,46,0
9,4,0xa447d277b02012c2afd9ddcbbe123f27cc971963,2.809635,1772272748,5e0f5d3960b75ff9852eff7c12ca80bf5d3873e93e2042e14a3b1fea9be18ffb,256,256.00,3.89,1,6,4,0.033805,0.665789,POS,pos,3.60,47,0
10,0,0x4a217e35f6402e7f62a49f6d62e27c6585c2f3fd,2.495217,1772272750,08a31ddac93dd1e553f827c894e3c2b82972a390ed7a670cd417390c3f990f06,450,225.00,3.88,1,8,4,0.033657,0.666199,POS,pos,2.72,48,0
10,1,0x4ba33404d90c4ae989714d9d174cd882cffb7994,2.119272,1772272752,67ae4a2d4bd9b033db9eab1f25e20b53e7f4ffd3ca55d23a6ffca3050cec3118,139,69.50,2.94,1,9,3,0.033481,0.666248,POS,pos,8.33,49,0
10,2,0xac768e60b9269babb15cb1e36ee843243d7c7543,14.746538,1772272754,eea49b4df21ec1b051e20ce710660aaa208d9f49f8e919cba1ce23be0a21e58f,450,150.00,4.40,1,6,4,0.033271,0.665817,POS,pos,4.57,50,0
10,3,0xac768e60b9269babb15cb1e36ee843243d7c7543,15.748168,1772272756,c69866e6b6c9e1570316550672263177c3528bec64677141b9be7ce6df187c80,166,166.00,3.23,1,6,3,0.034236,0.668050,POS,pos,5.33,51,0
10,4,0x30405867b72597aaeb27803bb2c7f3f5fc7d5384,0.516604,1772272758,36b235e426e3f449b0d246227aeb05b8a89bb7f81083a58f76121e88010efbe9,447,149.00,4.52,1,7,4,0.035267,0.670261,POS,pos,3.22,52,0
11,0,0xeb82a21cb3d0dd781eb22ad74bb7cd9b4d2a06ec,5.929055,1772272760,00c2d9b5680a78569a9b4a6ed08f57d092966a406f8a72dc8e4c9287dc83df71,296,148.00,3.55,1,8,3,0.034887,0.667614,POS,pos,6.08,53,0
11,1,0xf6e059718dbd0a0956726ab97d06bad5efc6cd18,1.014157,1772272763,e4eb1e33aaa1ffc389526d7cd4a2ef91cc3d98b163f4cb350c1503a4e34163ce,450,225.00,3.94,1,7,4,0.034998,0.669401,POS,pos,3.60,54,0
11,2,0xeb82a21cb3d0dd781eb22ad74bb7cd9b4d2a06ec,6.933445,1772272764,b26887eabb69aef309fe3e670b8ab05f7845659863719568a8f8042d90fc6d13,337,168.50,3.75,1,7,4,0.034669,0.667617,POS,pos,8.14,55,0
11,3,0x58a21eeb7ab18ba8adf1296e66a4487076e95dac,8.100904,1772272766,1b48ca745ab0f64ae5ce916bbb73a7ce625d3d48d130d5f7f9d8017e22cc1865,233,233.00,4.21,1,7,4,0.034861,0.669502,POS,pos,1.98,56,0
11,4,0xe478b1e4d1538274c0c70cbd7df877f9abab2f62,4.306636,1772272768,2f4a831c576f0562a7692cea82266141435940fd4de8128fb0efe1bd18edfcaa,450,150.00,4.08,1,8,4,0.035146,0.671498,POS,pos,5.40,57,0
12,0,0xac768e60b9269babb15cb1e36ee843243d7c7543,16.752308,1772272770,f1ef9cc03edb7b8b61d63f9856dcc5ee95267987ccc25267ea66f682c27bf56b,181,181.00,3.24,1,5,3,0.035098,0.672476,POS,pos,5.96,58,0
12,1,0xa447d277b02012c2afd9ddcbbe123f27cc971963,3.813575,1772272772,0546f01c62c7a84f3ef05f08daaec8ede9acab85f27824df6e9d12beeca01630,450,150.00,4.10,1,7,4,0.036091,0.674556,POS,pos,3.95,59,0
12,2,0x016d3fc36beee7caa8fbd6c1caa42461dd7f9850,0.877629,1772272774,3326dc2e23e3b21cba73e7150f9c4652f3c07c2e0287651c115d98c0ebe4192b,213,213.00,3.27,1,5,3,0.035986,0.675245,POS,pos,3.67,60,0
12,3,0xa068e3c9a21c8d8be636cd2d285895979ec3262e,1.966431,1772272776,665e72bfcf5cec230ec578fe2013b6fb3e7a1f03dd6baec7e474296ff5574843,450,150.00,3.25,1,5,3,0.035641,0.673162,POS,pos,6.13,61,0
12,4,0xa068e3c9a21c8d8be636cd2d285895979ec3262e,2.969431,1772272778,dcae62c646224912b17645db965e2df6407838d6a4f482f8cf0b8691e3960e6f,305,152.50,4.12,1,6,4,0.035389,0.672463,POS,pos,6.80,62,0
13,0,0xdcf2130496e27a8094ab996aea4aa77788d65869,6.507427,1772272781,902c9751a17d7f427283b413a59310e279938a51d8f7ac153288a6088d6591fb,450,225.00,4.59,1,9,5,0.035222,0.672696,POS,pos,2.66,63,0
13,1,0x53be6e527cc5a7d850b5eae27b9cef342e0665f2,0.039596,1772272783,bba8614e0bf8753935b147b3a78d85d41e214492c3bc370ce519fd47c6e09918,103,51.50,3.52,1,6,3,0.035333,0.674328,POS,pos,6.17,64,0
13,2,0x213068cb42718d1dd6d00a6d94d62a3def0e68eb,0.367919,1772272785,1de03327830d2c32c21c4a722d3adf40cd4c891d295970271457da289d040932,450,225.00,3.40,1,6,3,0.034937,0.669841,POS,pos,7.54,65,0
13,3,0xaadc5fea232580cb8fba739ac5d05a48559c7e52,1.353093,1772272787,dd14b2d5884c664f8ad098692bee5c22d4d883ccccf4355f9ce30dde056bf142,219,109.50,3.00,1,9,3,0.034573,0.666720,POS,pos,8.81,66,0
13,4,0xaadc5fea232580cb8fba739ac5d05a48559c7e52,2.357563,1772272789,f4d609dd44cb1336aeffbc40f16dde7289bd93ce7c38d62b07e090422658d961,450,150.00,4.06,1,6,4,0.034290,0.665312,POS,pos,9.83,67,0
14,0,0x4a217e35f6402e7f62a49f6d62e27c6585c2f3fd,3.495527,1772272791,601d1fed3d548a899f4a5fe65e05a1110c698f48dbc05aa73620f2de09752f0f,181,181.00,3.86,1,5,4,0.034087,0.664924,POS,pos,1.07,68,0
14,1,0x63f4973c0df8a5358405f396dc0673a463c48de9,4.902337,1772272793,0b0679aa6b16ad7696319c44b3e9f7c4582a72989f20d4d1f859d5db2cbfb905,450,150.00,3.88,1,7,4,0.033970,0.665378,POS,pos,4.65,69,0
14,2,0xac768e60b9269babb15cb1e36ee843243d7c7543,17.756258,1772272796,b14918e6a401567ab36b007cb1debf52d5a26deebaf0114cbeec874361fcc56a,364,182.00,3.84,1,7,4,0.033956,0.666516,POS,pos,10.60,70,0
14,3,0xc4dc29db975b952e04358340e56b68fa4ba63fbc,0.541001,1772272798,102a927787224b45c6697d52735af32ad878edf374a655efc1455d5830af20a4,450,150.00,4.70,1,11,4,0.034868,0.668485,POS,pos,5.07,71,0
14,4,0xa3786e459f289a76c0e8af8ad834e3d0c6d47199,5.726263,1772272800,059e405dbe8f9a95e4b1d39a5bae1335d21ba038973b5a419239e5439f172177,166,166.00,3.49,1,6,3,0.034529,0.665762,POS,pos,22.27,72,0
15,0,0xe478b1e4d1538274c0c70cbd7df877f9abab2f62,5.307776,1772272802,d825f2a9a97b23f8cf32331bc13afa54af6422e3939389f7498cfc93dcc8d255,450,150.00,4.26,1,7,4,0.034559,0.667145,POS,pos,5.28,73,0
15,1,0x95ab54d268473cce82094026afefdbd5cadf418b,0.595718,1772272804,9c9af73e19732710e1d44c9ed7138473220bdf78821970be8abd703b185892ce,206,206.00,3.74,1,5,4,0.034558,0.668279,POS,pos,3.53,74,0
15,2,0x4414c05be2cf328f38d2e3ef4b705d6b894f044a,3.090149,1772272806,0091b45460eec2750a3a8a171b41e132b8295c9cd940bd4f3076cd22a0c40840,450,150.00,4.30,1,7,4,0.034230,0.665601,POS,pos,5.51,75,0
15,3,0x58a21eeb7ab18ba8adf1296e66a4487076e95dac,9.104394,1772272809,03ae580c3f457a141340aa2a601275d32646f21b1d52cfa835e12aa345f40f8b,204,102.00,3.48,1,6,4,0.034077,0.665724,POS,pos,10.35,76,0
15,4,0xac768e60b9269babb15cb1e36ee843243d7c7543,18.760428,1772272810,d02fab64e04357df69b9ac50e499adaaddd9c74f43a5f74830c6643d5ac13b8c,450,225.00,3.72,1,7,4,0.034329,0.667511,POS,pos,4.46,77,0
16,0,0xbc3f8508d26048f2064aa8c068f4c94d08d77d18,3.064939,1772272812,ce906b73402825822589270913a5d45dd1be483d77ce3d555c035a3facdac4c7,50,50.00,2.92,1,5,3,0.035212,0.669387,POS,pos,6.46,78,0
16,1,0xeb82a21cb3d0dd781eb22ad74bb7cd9b4d2a06ec,7.934595,1772272814,a42d6a7d1e04e851923355513aa910be548906ea89f49ef5c17186b4cbfd3f38,450,150.00,4.03,1,6,4,0.035045,0.669358,POS,pos,6.04,79,0
16,2,0x26d553a2f4343b3a7dc88bbd87b3d0a25d3838d9,5.218960,1772272816,5aa6e9d0767a780c2dde650805daf74df1581b75fb8f37afc6fbea6882b2102a,144,144.00,3.49,1,5,3,0.035194,0.670977,POS,pos,6.12,80,0
16,3,0xac768e60b9269babb15cb1e36ee843243d7c7543,19.760718,1772272818,e1d762e36cf6fe21a9eb5911eb1e965e5be2c1d32e79b37564910124513e57a8,450,150.00,3.82,1,6,4,0.035165,0.671913,POS,pos,5.67,81,0
16,4,0xa3786e459f289a76c0e8af8ad834e3d0c6d47199,6.730153,1772272820,1b38f1dac274f7067de95f150d9a2331cef6491bdebff05913180fb9e86b1983,260,130.00,3.41,1,6,3,0.036056,0.673725,POS,pos,3.47,82,0
17,0,0x408bb0bf84df50b21c53c74420987f172d4036a1,1.796914,1772272823,84ade32d27e4855a0e93b2088737dcce8b9c654e5e4789aedbdff4dae4150d44,450,225.00,4.26,1,7,4,0.036108,0.675106,POS,pos,3.73,83,0
17,1,0x28672c71695142588ed26ada6f4b18b8b6c12308,0.688298,1772272824,e19636ae434a1a6bf2eddc18a0dcb9823935ae40438c67375fbc76a827224a6a,172,86.00,2.94,1,5,3,0.035850,0.674118,POS,pos,17.15,84,0
17,2,0xf6e059718dbd0a0956726ab97d06bad5efc6cd18,2.015937,1772272826,308c9737560da19a6b006acb3100ec772626bda7dfaf63a7c3acc9e6a792cd29,366,366.00,3.42,1,7,4,0.035527,0.671609,POS,pos,14.06,85,0
17,3,0xb7b4ee0a72bc410bf6d32b9cd3f3e11fc756d6f1,1.084019,1772272828,bd64c3d3b9dbf60e82c0a515ee7cc687beb70fd31260be3aabea809eb64c9b40,313,156.50,4.44,1,9,4,0.035290,0.670738,POS,pos,5.29,86,0
17,4,0x58a21eeb7ab18ba8adf1296e66a4487076e95dac,10.108374,1772272830,cc2cd2e59ced64df0186892aff14310576191d9110d716c21d8b458e35ae08c5,366,122.00,4.02,1,9,4,0.035001,0.668825,POS,pos,5.19,87,0
18,0,0xac768e60b9269babb15cb1e36ee843243d7c7543,20.762938,1772272832,29df02ee7ae9a0e844f4029fc0e52942a49bf79e7e6861a706ebc031f4e46dd0,342,171.00,3.74,1,9,4,0.035251,0.670487,POS,pos,4.41,88,0
18,1,0xc24b36dee27726233c3bbd9e1f028f98b6b2a424,5.417099,1772272835,ff71d1508ea1107f88c69781a44a5b8c13febfe2145430c6cd41bf23bbe56a50,450,225.00,4.55,1,9,5,0.036121,0.672241,POS,pos,3.51,89,0
18,2,0xac768e60b9269babb15cb1e36ee843243d7c7543,21.767258,1772272836,ef57decc17c07382ee57fce97673e6128d5002a384c32712d43841a376a75d83,244,122.00,3.67,1,6,4,0.036077,0.673102,POS,pos,6.30,90,0
18,3,0xac768e60b9269babb15cb1e36ee843243d7c7543,22.769518,1772272838,425d553f9fb18b4ef9e4e3807be01b178b63abf7cd70221a0a4c697836e2c326,227,227.00,4.06,1,7,4,0.036972,0.674823,POS,pos,1.96,91,0
18,4,0xa068e3c9a21c8d8be636cd2d285895979ec3262e,3.972521,1772272840,925ebd3a226ce0fc25628382e5951ae3ce20b68522fd678be8acfdd9c0275885,450,150.00,4.28,1,7,4,0.037904,0.676527,POS,pos,3.46,92,0
19,0,0x58a21eeb7ab18ba8adf1296e66a4487076e95dac,11.111524,1772272842,b5f479887fdfa15b94ea288a0622724fdf2c59ba44d0bc0e5a2722b12cdb87a7,147,147.00,3.69,1,5,4,0.037756,0.676937,POS,pos,5.56,93,0
19,1,0xd46407aa7b668c72de3cf1c1a12b7fa2e308a1b2,2.991359,1772272844,d9c8b400f1fc6bd9237ba6d41fedd7be6e04c06e768de746f8db30653433a1b5,450,150.00,4.14,1,7,4,0.038007,0.678506,POS,pos,3.40,94,0
19,2,0xa3786e459f289a76c0e8af8ad834e3d0c6d47199,7.734123,1772272847,c19b20af1afd8614a39aff163c13f5b42b7e6d933dc4a77c8558d4c4a6437c2d,258,129.00,3.87,1,6,4,0.037802,0.678285,POS,pos,4.96,95,0
19,3,0xd46407aa7b668c72de3cf1c1a12b7fa2e308a1b2,3.993859,1772272848,760374c59fdf1600fb5918c7bba1583791672c5b72a56d6c6b0b0b139c36734f,450,225.00,4.35,1,7,4,0.037859,0.679621,POS,pos,3.61,96,0
19,4,0xeb82a21cb3d0dd781eb22ad74bb7cd9b4d2a06ec,8.935215,1772272850,b53e9457eb8b7e7cafff639160dbbdeb89bee52029c925629f058efde315385c,67,67.00,3.84,2,5,4,0.037710,0.679916,POS,pos,2.94,97,0
20,0,0xa447d277b02012c2afd9ddcbbe123f27cc971963,4.813645,1772272852,993afed27d2e4a0bfb67c23ac4157f3e1a8d1cff63801f669326fa1d32d3602a,384,128.00,3.75,1,7,4,0.037826,0.681333,POS,pos,5.60,98,0
20,1,0x63f4973c0df8a5358405f396dc0673a463c48de9,5.904637,1772272854,6910c1e4085c67df3fa12fd83998ac6fa467254e092ebe66649f57265d0f4748,344,172.00,3.80,1,9,3,0.037720,0.681876,POS,pos,4.29,99,0
20,2,0xa068e3c9a21c8d8be636cd2d285895979ec3262e,4.973471,1772272856,d4e2e7e16af61825cba6e0c9472897f20238b4d4a5ccf32743696a71cb5225a4,450,225.00,3.95,1,10,4,0.037671,0.682795,POS,pos,4.15,100,0
20,3,0x4a217e35f6402e7f62a49f6d62e27c6585c2f3fd,4.498277,1772272859,9457e9731ec6d8f27925f4b3a985c9c600aed6e2e0c1aca1676e4208913319ac,352,176.00,4.17,1,8,4,0.037574,0.683279,POS,pos,4.15,101,0
20,4,0xe6ebb0cdfd04183d498964e5efc4096ba77b17d6,6.298383,1772272860,a8624e85e63dd7575b32ffbf098e837eb6def6bd822a0f5de615a36700c4f55c,450,150.00,4.60,1,9,4,0.037575,0.683287,POS,pos,6.17,102,0
21,0,0xac768e60b9269babb15cb1e36ee843243d7c7543,23.773468,1772272862,06eb129e408b8e5f1fe17ee9d24f9401a6e8ec582e6ae110479ee0c1c190270e,52,0.00,3.04,1,8,4,0.037545,0.684275,POS,pos,44.48,103,0
21,1,0x7e40df5d801345015e84c843908efc6683665fa4,0.655189,1772272864,a33d1cb256d0d6cc499c161be6b4e6fa4b3a6a46a60003125e83550ea497bc74,405,135.00,3.91,1,11,4,0.038401,0.685837,POS,pos,4.05,104,0
21,2,0x016d3fc36beee7caa8fbd6c1caa42461dd7f9850,1.879779,1772272866,50f3e5a0be58c2e2964645ccc9c2d61905c6cf21490a08423f5e904f5e85765b,277,138.50,3.57,1,7,3,0.038076,0.683310,POS,pos,8.21,105,0
21,3,0x58a21eeb7ab18ba8adf1296e66a4487076e95dac,12.115484,1772272869,3b3f6d98e732038484d3a82bba214f56898993083a1bd8ebed9f795e9e5ce2e1,450,225.00,3.24,1,7,3,0.037816,0.682258,POS,pos,4.69,106,0
21,4,0xaadc5fea232580cb8fba739ac5d05a48559c7e52,3.357413,1772272870,47a7c812b48d668c5418db3cd2b0eeaf2d38f2c303507a4a7217105d8b0f6b41,344,172.00,4.12,1,7,4,0.038065,0.683706,POS,pos,3.06,107,0
22,0,0xe6ebb0cdfd04183d498964e5efc4096ba77b17d6,7.298603,1772272872,0d9eae514064304405d4343370a46aca5fd71d8acf75fa0c992876abec7201ce,197,197.00,3.86,1,8,4,0.037879,0.683552,POS,pos,6.68,108,0
22,1,0xd46407aa7b668c72de3cf1c1a12b7fa2e308a1b2,4.993929,1772272874,a5f894469ee2137f629e92c51155a3c6edbb1c76b4b00e94ab800558f5e4814e,450,150.00,4.29,1,8,4,0.037885,0.684663,POS,pos,4.52,109,0
22,2,0xc577329e86aaecb006f17fb90499c54671119935,0.315492,1772272876,cd82fd97667506736357b6f280fd3c02a4a80f22b7c91870ad44fe936b8652e6,258,129.00,3.56,1,5,4,0.037779,0.685019,POS,pos,3.71,110,0
22,3,0xa3786e459f289a76c0e8af8ad834e3d0c6d47199,8.737723,1772272879,3e02f3c7f8136f18068c7ff6b691efcef9b9b38a332f31eda1ecbf6f8b89b118,450,225.00,3.93,1,7,4,0.037451,0.681985,POS,pos,10.97,111,0
22,4,0x1d1d2c63625de70b1e5ef40056bd2deb89d7fef2,0.066978,1772272880,f0232198b33da05baa80db95ecb9d395c7a08296f168a03e00a8c830ac113aa8,376,188.00,4.17,1,7,4,0.037523,0.683204,POS,pos,3.58,112,0
23,0,0x2abf89d7c96c80fcff9dec1fe92803573094ee35,0.223815,1772272882,1b4e1901b609a0db727c56874745e10c8ca54ea47223525336cb1e8264ad8489,175,175.00,3.45,1,7,4,0.037190,0.679443,POS,pos,17.72,113,0
23,1,0xe6ebb0cdfd04183d498964e5efc4096ba77b17d6,8.302753,1772272884,52a852c547a7190e7996e94a0f2eb660e29d0c18ae6fd3f90625aa45181f21e2,450,150.00,3.98,1,10,4,0.036868,0.676119,POS,pos,7.83,114,0
23,2,0x28672c71695142588ed26ada6f4b18b8b6c12308,1.690408,1772272886,52fa068829455055af6cbea28b85a5b064290a13b2d163aa463b6266f83cb59d,164,164.00,3.58,1,7,4,0.036919,0.677254,POS,pos,2.85,115,0
23,3,0xb2a7fe70a6f3137d38f6cb4c3ec6dd1e24f2d5f4,1.417428,1772272888,0d865b2422904083ecc2f90f899ba79fda9f85cb85e25402a01e344943163529,450,150.00,3.82,1,7,4,0.036668,0.676048,POS,pos,4.80,116,0
23,4,0x26d553a2f4343b3a7dc88bbd87b3d0a25d3838d9,6.221660,1772272891,e3922a2d6ba5feb7a4ab5aac988fa25d4c6943bf8318d5a90d65cb73c6b95759,297,148.50,4.09,1,6,4,0.036409,0.674534,POS,pos,7.34,117,0
24,0,0x8d9e46becf415ca26aa698c9657087e6554aabda,0.382856,1772272892,0e1cddfdb7b333cf37fc130a92a68a95f3feb640381f01fd61dab46ff3a04fcf,450,225.00,3.77,1,6,4,0.036410,0.674549,POS,pos,3.13,118,0
24,1,0xbc3f8508d26048f2064aa8c068f4c94d08d77d18,4.067359,1772272894,25f7512a9f130c2f0e34b6ad60ed77229c61bcac2790e81fdb88c9b450b024ac,56,56.00,2.82,1,5,2,0.036109,0.671548,POS,pos,79.32,119,0
24,2,0x719361397abe003a91af76243e5f9c7a0cd4279f,3.537326,1772272896,ba413203713d646f9e1796193028ac9ada6ab68dcadbb9dab78fedd1fa160409,353,117.67,3.93,1,7,4,0.035972,0.671741,POS,pos,8.25,120,0
24,3,0x4a217e35f6402e7f62a49f6d62e27c6585c2f3fd,4.497327,1772272898,36a055f1ed0583f9c968f52c5b737ffcdb64000210ee1d8782f475388dbfc6c1,376,188.00,3.62,1,9,3,0.035814,0.671616,POS,pos,18.61,121,0
24,4,0x4ba33404d90c4ae989714d9d174cd882cffb7994,3.120232,1772272900,b9e06894f601bb6e863ddeb1ae704518025335f9d63ae380dd078704bd72a71b,450,225.00,4.22,1,8,4,0.035698,0.671846,POS,pos,3.82,122,0
25,0,0xd46407aa7b668c72de3cf1c1a12b7fa2e308a1b2,5.995809,1772272902,238d3c1b0aa315181d8d2dfcfbe4b0406aa290c6bd57e483b8500dca90a63a53,330,165.00,4.29,1,8,4,0.035524,0.671518,POS,pos,5.03,123,0
25,1,0x408bb0bf84df50b21c53c74420987f172d4036a1,2.796484,1772272904,9f232d59e0f0f2dc53fe96652ce5910f84829eb16ef53bad5da2fb929ff9a03c,227,227.00,3.33,1,8,3,0.035474,0.672276,POS,pos,5.16,124,0
25,2,0x89100a8056319ba37491b32ba255004180607bc2,3.784377,1772272906,94bbda801639a1083a55747f7cf24e2910c1783696b8bb2e8bf644d7956578b1,450,150.00,4.57,1,10,4,0.035288,0.671795,POS,pos,7.21,125,0
25,3,0xeb82a21cb3d0dd781eb22ad74bb7cd9b4d2a06ec,9.937415,1772272908,6867a6353ddc78f1704581de50b26ff10d4e9cb13edf69cf1e4baa824e5c14da,296,296.00,3.68,1,9,4,0.035146,0.671658,POS,pos,16.25,126,0
25,4,0x719361397abe003a91af76243e5f9c7a0cd4279f,4.540746,1772272910,9c1816820c680e5cbc73b08ea1448f12703bad976be9d9dd911afcd5253ed372,450,150.00,4.02,1,7,4,0.035259,0.672939,POS,pos,4.46,127,0
26,0,0xd46407aa7b668c72de3cf1c1a12b7fa2e308a1b2,6.997889,1772272913,df4d5bfb971522d725c74be801b57c7af9b4a3c3fd1e8daad9665f9738b80269,303,151.50,3.60,1,6,4,0.035148,0.673064,POS,pos,3.32,128,0
26,1,0xdb45667100590f9cfe78a899c3b02c5cd37008f1,0.045586,1772272915,835adf4fb4bfefe131adb41156a2dc05bbaaf96e6d064468a2bdccc6b1c99fac,450,225.00,4.04,1,7,4,0.035136,0.674013,POS,pos,3.17,129,0
26,2,0xb2a7fe70a6f3137d38f6cb4c3ec6dd1e24f2d5f4,2.419728,1772272917,11fe7e2a005160e1d7297355b1a07e1abbcd2e94e95f4394eb4398a0894a280e,146,73.00,3.30,1,5,3,0.034845,0.670254,POS,pos,15.12,130,0
26,3,0xbc3f8508d26048f2064aa8c068f4c94d08d77d18,5.070249,1772272919,96c4399e89979da78e0e9eccd8dff16edd88794b3671d1f8d6fb915105a6bfe4,450,150.00,4.42,1,6,4,0.034847,0.670270,POS,pos,3.71,131,0
26,4,0x4ba33404d90c4ae989714d9d174cd882cffb7994,4.123012,1772272921,a7b62dbf36b91eba7d37577c93eb34f57ee103905f640575f87ec26066634354,260,130.00,3.89,1,5,4,0.034565,0.669798,POS,pos,4.54,132,0
27,0,0x58a21eeb7ab18ba8adf1296e66a4487076e95dac,13.117674,1772272924,b6ada9504735c1f8bd6cc95968aca9e4d9fc979b98fa503ceb28df295b237ae5,450,225.00,4.36,1,7,4,0.034441,0.669711,POS,pos,3.02,133,0
27,1,0x58a21eeb7ab18ba8adf1296e66a4487076e95dac,14.119934,1772272925,84bfac4ff71198e0838fdbdab789815e59941fba0f118dc9ca9d3d16f932760a,232,116.00,3.78,1,6,4,0.034666,0.671046,POS,pos,3.97,134,0
27,2,0x719361397abe003a91af76243e5f9c7a0cd4279f,5.543466,1772272927,d1095df143486318e8315e05279eab1100b03ddb083a01a98f50ebd7831bacb5,238,238.00,4.21,1,7,4,0.034924,0.672370,POS,pos,1.97,135,0
27,3,0xe6ebb0cdfd04183d498964e5efc4096ba77b17d6,9.303383,1772272929,16df3096f9c93beb8e206d3c1da052196996eb71057fb69185ca32a769f12a37,450,150.00,4.06,1,8,4,0.034851,0.672765,POS,pos,4.01,136,0
27,4,0x2abf89d7c96c80fcff9dec1fe92803573094ee35,1.227235,1772272931,8a85ebbf15b8bcd0994874c140416cc0a1c5d73a91f9e6198dc89d02c0e6c8ad,190,95.00,3.64,1,5,4,0.034919,0.673858,POS,pos,5.76,137,0
28,0,0xa447d277b02012c2afd9ddcbbe123f27cc971963,5.815105,1772272934,d40691d5e3744b74c2f7a33e3c5d99b461f3c4789f6d5d65c529f4265489b0c4,450,225.00,3.51,1,6,3,0.034683,0.672203,POS,pos,5.20,138,0
28,1,0x58a21eeb7ab18ba8adf1296e66a4487076e95dac,15.122094,1772272935,9e84cfec8512377c33af88fbd665684a279fccee92c14b5fee0a594cbb02c93e,306,153.00,3.65,1,7,4,0.034619,0.672670,POS,pos,3.67,139,0
28,2,0x606627477c3734932f47972f83c27cf4e3b35b4f,4.374917,1772272937,be28f9dcf9a4a15f75a00ef428b206ef5077e6275cadeec45744c2c417ec0fab,271,271.00,4.19,1,7,4,0.034898,0.673960,POS,pos,2.22,140,0
28,3,0xaadc5fea232580cb8fba739ac5d05a48559c7e52,4.357513,1772272939,d3e58f879e02548abb63bc8814be3ae049c972635ddcc45079ff3a9113495fce,450,150.00,4.44,1,10,4,0.034778,0.673858,POS,pos,7.18,141,0
28,4,0x213068cb42718d1dd6d00a6d94d62a3def0e68eb,1.365879,1772272941,9a2d2d5d678cd25570575426bd25b5f3c5cf6766c663cf83f2a8771a5c674e51,232,116.00,3.90,1,9,4,0.034660,0.673669,POS,pos,5.16,142,0
29,0,0xa3786e459f289a76c0e8af8ad834e3d0c6d47199,9.739723,1772272944,085b607baa7e0d3836b1e2d0cd34d225c2a3d29ebf3a001bc510843d114220bb,450,225.00,3.53,1,6,4,0.034434,0.672122,POS,pos,6.54,143,0
29,1,0x6064b9f5883bf9737dfe314ff68c56e09e68ac89,2.185239,1772272945,3d367d9139382334c822a11fe15a829841051080ca248c6c8d3d5763ebab89c4,320,160.00,3.92,1,7,4,0.034509,0.673178,POS,pos,6.33,144,0
29,2,0x7e40df5d801345015e84c843908efc6683665fa4,1.655889,1772272947,c535b13797f5c1cc025dfeb261661917ffec8f0cde97e2c930618f2f0a4b40c2,303,303.00,3.87,1,8,4,0.034315,0.672286,POS,pos,12.24,145,0
29,3,0x606627477c3734932f47972f83c27cf4e3b35b4f,5.379107,1772272949,df5cfe9542e1f027bb6d6a1b26fdbca1c5e4e3d04a7e8dc5b9b72f3e01c4a73e,450,150.00,4.13,1,10,4,0.034105,0.670911,POS,pos,5.11,146,0
29,4,0xcdc82b7c868072205a399d0f68e6e3ad3bfd1ca6,0.200641,1772272951,d4a7ef0438f04125f0f6b3c150436a92bfff1d69effd968a3f4deef6001be22e,334,167.00,3.72,1,9,4,0.034026,0.671073,POS,pos,3.22,147,0
30,0,0x63f4973c0df8a5358405f396dc0673a463c48de9,6.906457,1772272954,30bc51b374c8870a294247c423ee35cc4055157cf6484e1fad150088ab893d11,450,225.00,4.13,1,8,4,0.033769,0.667979,POS,pos,21.05,148,0
30,1,0x719361397abe003a91af76243e5f9c7a0cd4279f,6.547466,1772272955,ceaac293954d4d937f3679dfe46257388f42d991e713a971b2c6266440b077f3,337,168.50,3.81,1,9,4,0.033743,0.668772,POS,pos,4.55,149,0
30,2,0x606627477c3734932f47972f83c27cf4e3b35b4f,6.382287,1772272957,b6ee6cdeac2b5351ae88b16270a048f4f552ae6e3ac5799f0e486909a92f47fc,269,269.00,3.64,1,8,3,0.033705,0.669431,POS,pos,4.51,150,0
30,3,0xaadc5fea232580cb8fba739ac5d05a48559c7e52,5.359093,1772272959,f02d38d93dd022fe7b8d69edc0116d7288e32e1ab55381ad734e2a5cca7f925b,450,150.00,4.29,1,12,4,0.033661,0.669982,POS,pos,3.83,151,0
30,4,0x719361397abe003a91af76243e5f9c7a0cd4279f,7.549986,1772272961,fd61a509f07a39f4e58eaea24d552117b77f91d1f9a85713577899f06a57d21e,280,140.00,4.26,1,5,4,0.033662,0.669996,POS,pos,2.98,152,0
31,0,0xdcf2130496e27a8094ab996aea4aa77788d65869,7.504127,1772272964,58f96b5756861da8ca4d85ff1a6a8f48ccf1afabeebccd0efd53426633161701,450,225.00,3.88,1,7,4,0.033577,0.670907,POS,pos,2.76,153,0
31,1,0xeb82a21cb3d0dd781eb22ad74bb7cd9b4d2a06ec,10.940365,1772272966,8e44d7526ab5237681f08cca4f89004bf342ad11d9095142de180813000c2dbd,213,106.50,3.42,1,5,3,0.033568,0.671654,POS,pos,8.77,154,0
31,2,0xaadc5fea232580cb8fba739ac5d05a48559c7e52,6.361753,1772272968,7dd308eade57f72e117e216339a4aafc134fd9a4ff53c5c490454c116cea869d,450,150.00,3.90,1,7,4,0.033569,0.671668,POS,pos,4.36,155,0
31,3,0x26d553a2f4343b3a7dc88bbd87b3d0a25d3838d9,6.219750,1772272970,2f8c4eb1b11474ccd8f258821a368e06a91d6bf637b57b67942d97beae020113,191,191.00,3.85,1,6,4,0.033522,0.672117,POS,pos,2.29,156,0
31,4,0x606627477c3734932f47972f83c27cf4e3b35b4f,7.386427,1772272972,7de06cf3ef377d8bf804d93cb3b27a968e91fe023b0af859225ec820f0fc9ba6,450,150.00,3.67,1,6,4,0.033471,0.672455,POS,pos,4.08,157,0
32,0,0x34412315480562da4810040fd15c81f99880e1ab,1.890613,1772272975,fd3317c68e0166ed34e98bac82a268832c90b2ca75acf0028b4b2d07b11d9417,293,146.50,3.78,2,6,4,0.033457,0.673097,POS,pos,2.32,158,0
32,1,0xb7b4ee0a72bc410bf6d32b9cd3f3e11fc756d6f1,2.084439,1772272976,547cd5732dcd650dcbde7ef4f5fdd148895676a6781f63cea4639892994edeb1,450,225.00,4.09,1,8,4,0.033267,0.671887,POS,pos,19.10,159,0
32,2,0xac768e60b9269babb15cb1e36ee843243d7c7543,24.774658,1772272978,bb302751cc6a9461ef652171ac9e37646807a22c735c134162f143831d32db38,71,71.00,3.03,1,5,3,0.033086,0.670792,POS,pos,21.15,160,0
32,3,0x6d6b2734a20229ddd7fd4a1470ba3e3bad4e4a85,2.639794,1772272980,50137d7a38f93b93fc3875cba8dbb073f222bf41f554dea54018431704fa3e56,446,148.67,3.72,1,7,4,0.033614,0.672069,POS,pos,5.05,161,0
32,4,0x89100a8056319ba37491b32ba255004180607bc2,4.785557,1772272982,7d4ae0cdbd01be10271747b9698d27b189f221c7e090db4350b2c95c20e695d6,365,182.50,3.73,1,9,4,0.033448,0.671386,POS,pos,16.19,162,0
33,0,0xeb82a21cb3d0dd781eb22ad74bb7cd9b4d2a06ec,10.939955,1772272985,b8e717bccdb043cc74c9216fe92c9502b8c421f373c92cb76f5e0cd318322ecf,450,225.00,4.40,1,9,4,0.033449,0.671400,POS,pos,4.91,163,0
33,1,0xa068e3c9a21c8d8be636cd2d285895979ec3262e,5.973671,1772272986,3cc128e403d509dc37edb8b2074922f6f3a0eeb770b69c9224bf3f85aad2c19b,114,57.00,3.56,1,5,4,0.033538,0.672497,POS,pos,4.60,164,0
33,2,0x606627477c3734932f47972f83c27cf4e3b35b4f,8.389117,1772272988,5f71decefd17d02c4e5e31c110071842c2aa1af9ee2972431bd5eb3f6c519875,306,306.00,4.32,1,7,4,0.033475,0.672680,POS,pos,3.12,165,0
33,3,0xeb82a21cb3d0dd781eb22ad74bb7cd9b4d2a06ec,11.940995,1772272990,a73dbd945eff1c86865944e210356074834d9c16c8910d77d624150796896828,367,122.33,3.96,1,11,4,0.033484,0.673517,POS,pos,3.48,166,0
33,4,0x6d6b2734a20229ddd7fd4a1470ba3e3bad4e4a85,3.643234,1772272992,d5798c2a8192c8818158f1f8c60631eb480bc42d819f73298021bea852e300f3,307,153.50,4.13,1,9,4,0.033599,0.674604,POS,pos,3.19,167,0
34,0,0x07902d0371763a00d97ed9ba16ff0a206cb0fd19,2.524359,1772272995,c2ec82222a7786c204d0209506a93d935b95631f9ffbe056900328268a69a56b,446,223.00,4.39,1,8,4,0.033464,0.674245,POS,pos,3.48,168,0
34,1,0xac768e60b9269babb15cb1e36ee843243d7c7543,25.778678,1772272996,1ed8a8346b471f372a026adc945ea2bf2622a8c531c546c1f13cc2af5acdf8bb,327,163.50,2.34,1,4,2,0.033297,0.673414,POS,pos,21.84,169,0
34,2,0x4a217e35f6402e7f62a49f6d62e27c6585c2f3fd,5.499457,1772272998,d8eb5ed2d211d5072d7193037a34a9d89c476140d10f932214c70106b8d3c6fd,312,312.00,4.25,1,7,4,0.033813,0.674636,POS,pos,2.72,170,0
34,3,0xac768e60b9269babb15cb1e36ee843243d7c7543,26.781728,1772273000,04f78a5e0ba24ed2ddeefb5325b65ffbf7ae115596a839700028f64042f53bc5,378,126.00,3.99,1,9,4,0.033731,0.674608,POS,pos,6.15,171,0
34,4,0xbc3f8508d26048f2064aa8c068f4c94d08d77d18,6.070919,1772273002,1d613c3cd5387a8fca4bef7ab941d9b6a9d9488b08c4f7e791659497aadd1880,362,181.00,3.99,1,9,4,0.034263,0.675822,POS,pos,3.10,172,0
35,0,0xac768e60b9269babb15cb1e36ee843243d7c7543,27.785298,1772273005,9fba89806dd4135885e1bd0805e3c7d59c585ec88c78061727bf70eaa580ebf0,419,209.50,4.43,1,8,4,0.034193,0.675914,POS,pos,3.30,173,0
35,1,0xa447d277b02012c2afd9ddcbbe123f27cc971963,6.816265,1772273006,bbe5099665c5eb6b483bef835830632887046be766b481a65b584d723fbad687,268,134.00,4.13,1,7,4,0.034740,0.677113,POS,pos,2.31,174,0
35,2,0xdcf2130496e27a8094ab996aea4aa77788d65869,8.505237,1772273008,df976ddb60a1414ab5040ec39a1041bd610dca97079e8fd29c644748ec60b68f,285,285.00,3.92,1,7,4,0.034687,0.677449,POS,pos,4.38,175,0
35,3,0xac768e60b9269babb15cb1e36ee843243d7c7543,28.787828,1772273010,d0c941504f5493dfe514b9e041a009b3250fdf7f01e0617990eb68458a7fe279,422,140.67,4.27,1,13,4,0.034680,0.678189,POS,pos,4.16,176,0
35,4,0x07902d0371763a00d97ed9ba16ff0a206cb0fd19,3.527259,1772273012,2d0e58de8ced5567d6e343b6072537d19dfe7f8cb7b8d7bbb3bc2467e177ab9d,205,205.00,3.47,1,6,3,0.035236,0.679359,POS,pos,1.73,177,0
36,0,0x606627477c3734932f47972f83c27cf4e3b35b4f,9.392037,1772273015,92f0e41457540e8eda190c616a212b2145d031f47e59cecad370fb8cf52cb9a0,450,150.00,2.72,1,4,3,0.035086,0.678902,POS,pos,3.89,178,0
36,1,0xdcf2130496e27a8094ab996aea4aa77788d65869,9.509267,1772273016,4598c188df081ffc248ef40c03194ba760369ca89a2640189969d30d6571ab24,333,166.50,3.71,1,7,4,0.035098,0.679698,POS,pos,3.34,179,0
36,2,0x26d553a2f4343b3a7dc88bbd87b3d0a25d3838d9,7.223410,1772273018,d023debe4bdadbb3e1c922c9b25f73cd4277a743de8f531988f896548f593579,260,260.00,3.61,1,8,3,0.035113,0.680436,POS,pos,2.61,180,0
36,3,0xe6ebb0cdfd04183d498964e5efc4096ba77b17d6,10.303143,1772273020,9cedc6813d1968b13b6c79059f537a05c657899cf5d6df9d368ac1db0ca2f2f7,450,150.00,4.12,1,10,4,0.035064,0.680840,POS,pos,5.04,181,0
36,4,0xd46407aa7b668c72de3cf1c1a12b7fa2e308a1b2,7.999809,1772273022,61206a3c97b113f1d597ef4e15055b3993ed728a052142b45cba9d907bbfc3f5,208,208.00,3.27,1,7,3,0.035098,0.681710,POS,pos,4.13,182,0
37,0,0xdcf2130496e27a8094ab996aea4aa77788d65869,10.511727,1772273025,f0657480332901a978371ac2df498619e9b532f5de5be8148b4192335487cab9,450,150.00,4.17,1,7,4,0.035069,0.682280,POS,pos,4.53,183,0
37,1,0x016d3fc36beee7caa8fbd6c1caa42461dd7f9850,2.880399,1772273026,efccbf3b5542271f55b927d08bbfeedd5dd82bedabb1e9cad9d20e0dba8b6249,261,130.50,4.00,1,7,4,0.035106,0.683119,POS,pos,2.83,184,0
37,2,0xc24b36dee27726233c3bbd9e1f028f98b6b2a424,6.414979,1772273028,c491109b06f58c056525b187bcb57b88a3b515ce122bcd6ac5f9fa2c6076fd2c,303,303.00,3.23,1,7,3,0.034941,0.682423,POS,pos,5.16,185,0
37,3,0xa3786e459f289a76c0e8af8ad834e3d0c6d47199,10.740633,1772273030,f130cc0eab5bf4d5f4f09c507939d9dd2f88dae3d80d8a3441f204c035465f6d,450,150.00,4.15,1,9,4,0.034870,0.682518,POS,pos,7.31,186,0
37,4,0x016d3fc36beee7caa8fbd6c1caa42461dd7f9850,3.883289,1772273032,e4fd51bfdbb55910b16d2ff05e535e471097550f43b9a074cef32c638a4f3498,208,208.00,3.51,1,6,4,0.034911,0.683325,POS,pos,11.66,187,0
38,0,0x606627477c3734932f47972f83c27cf4e3b35b4f,10.394797,1772273034,64c893454db1932a88ed409833072289635c9a6b70586ce6261024a8864b7727,450,150.00,3.23,1,7,3,0.034774,0.682893,POS,pos,3.41,188,0
38,1,0x8d9e46becf415ca26aa698c9657087e6554aabda,1.379966,1772273036,71addd2d108efa74449cb9578a103614761db1918ea8900a0f9c567a3be5d0c7,303,151.50,3.72,1,6,4,0.034804,0.683580,POS,pos,2.40,189,0
38,2,0xd46407aa7b668c72de3cf1c1a12b7fa2e308a1b2,9.003989,1772273038,39b9672bb3099d3069a243215444069d626d44cfaf7bb097b115f946164a7082,290,290.00,4.50,1,8,4,0.034605,0.682066,POS,pos,4.16,190,0
38,3,0xeb82a21cb3d0dd781eb22ad74bb7cd9b4d2a06ec,12.942915,1772273040,2c2a3e2691c010b97620c786a617319ea57357dfa72f05a8168da698b06ed8ff,448,149.33,4.32,1,9,4,0.034600,0.682674,POS,pos,3.71,191,0
38,4,0xe478b1e4d1538274c0c70cbd7df877f9abab2f62,6.303666,1772273042,90951a59fda224c830115645635e44e1130dc0fa981f0f7ef282d1bc0ca5587e,169,169.00,3.34,1,8,3,0.034691,0.683631,POS,pos,5.87,192,0
39,0,0xe6ebb0cdfd04183d498964e5efc4096ba77b17d6,11.304633,1772273044,7a2ac854cb19fc771d7e3b4482e97a1aab07e1b4eea92a9d6b89d4534c5228c5,450,150.00,4.04,1,6,4,0.034616,0.683620,POS,pos,5.31,193,0
39,1,0x4414c05be2cf328f38d2e3ef4b705d6b894f044a,4.086109,1772273047,4a042c8768ab44dd6c1cd069223714bc3a8eca43864e3f7ad5b39a85fd3a3863,278,139.00,3.84,1,6,4,0.034665,0.684452,POS,pos,3.62,194,0
39,2,0x269cdf52f97e1d9f14b7be895155a7b294f0b21d,0.716363,1772273049,66a276bd79930857ff013a5c5aa4838c551f65197162e567974c52a58ad02437,450,150.00,3.90,1,7,4,0.034536,0.684029,POS,pos,7.84,195,0
39,3,0xac768e60b9269babb15cb1e36ee843243d7c7543,29.788708,1772273051,e13be36491a47a8e81f4ae5e881dd2e1a2f4f43141807ee1fec8137cafb39d0c,182,182.00,2.87,1,4,3,0.034326,0.681968,POS,pos,12.65,196,0
39,4,0x63f4973c0df8a5358405f396dc0673a463c48de9,7.907687,1772273053,265a344cc3ecdbaa8df4df6e6518b53a76ed37ebe505b826d8878688d4d9b609,450,150.00,4.05,1,7,4,0.034819,0.683051,POS,pos,5.80,197,0
40,0,0xdb45667100590f9cfe78a899c3b02c5cd37008f1,1.043666,1772273055,a160e0221baf2891227355d9bd632dd1546ec318a780f5eea673df9093598615,291,145.50,3.41,1,6,4,0.034780,0.683504,POS,pos,6.64,198,0
40,1,0x07902d0371763a00d97ed9ba16ff0a206cb0fd19,4.530809,1772273058,dceb7af5e0a48bc1adde03d316b68b463279ce366e2a6d4d742a63c211c27d63,450,225.00,4.19,1,7,4,0.034578,0.681741,POS,pos,8.48,199,0
40,2,0x606627477c3734932f47972f83c27cf4e3b35b4f,11.397317,1772273060,18f16ad143e8037be227cc91e5f20a894bed4bd7f532a1b0490e29affa46accb,232,116.00,2.14,1,4,2,0.034460,0.681447,POS,pos,6.59,200,0
40,3,0xe478b1e4d1538274c0c70cbd7df877f9abab2f62,7.307606,1772273062,8ae2ac3b86cc60cefa50183f40321510601cb8d4f6ab04aed5f565921e3ea85a,450,150.00,4.02,1,7,4,0.034504,0.682219,POS,pos,4.40,201,0
40,4,0x07902d0371763a00d97ed9ba16ff0a206cb0fd19,5.533069,1772273064,fabd2322a5b3ab5a5afee77603999f5734e2e862568e051c81c234a52ba44657,214,214.00,3.82,1,6,4,0.034505,0.682230,POS,pos,2.59,202,0
41,0,0x606627477c3734932f47972f83c27cf4e3b35b4f,12.401757,1772273066,e7939d6d425cd2266c2d3f631492ceeeaadf992750cba195f9b8b43fde9532b2,450,150.00,2.76,1,4,3,0.034452,0.682502,POS,pos,3.15,203,0
41,1,0x30405867b72597aaeb27803bb2c7f3f5fc7d5384,1.511874,1772273068,73f17937c98d7f3f37953df273da58e7eb33704191deba001fed6994220c435c,49,24.50,3.35,1,4,4,0.034422,0.683175,POS,pos,3.53,204,0
41,2,0xaadc5fea232580cb8fba739ac5d05a48559c7e52,7.360963,1772273070,dd81791e268e4bdbe00ed1102a88b61f370f041b54bb53f0db260196cbc011dd,299,299.00,3.64,1,6,4,0.034236,0.681702,POS,pos,14.78,205,0
41,3,0xe6ebb0cdfd04183d498964e5efc4096ba77b17d6,12.306793,1772273072,e580e2f4c014d1ac8b0da5f3345aa7513d996ca5f545aec8d4b25a9ef347b7c5,450,150.00,4.41,1,10,4,0.034184,0.681921,POS,pos,4.38,206,0
41,4,0x2abf89d7c96c80fcff9dec1fe92803573094ee35,2.228415,1772273074,f5a3b5c9e3d2ee96ba08630fcbeffc44bdf80676e524cb1fa2e51054c08b15dc,185,185.00,3.50,1,7,4,0.034244,0.682698,POS,pos,4.94,207,0
42,0,0xc4dc29db975b952e04358340e56b68fa4ba63fbc,1.536171,1772273077,dc8dccc4c9844590e6bb612203cbfe4d58ffa46e3be1cc8aaeb8bcd21a4f4157,450,150.00,3.78,1,7,4,0.034077,0.681648,POS,pos,10.06,208,0
42,1,0x6064b9f5883bf9737dfe314ff68c56e09e68ac89,3.184869,1772273078,6dcba0f6eeb2a8db614a211b1e1826960a311d803adb80438a7528146f345cb4,288,144.00,3.59,1,6,4,0.033896,0.680129,POS,pos,27.27,209,0
42,2,0xac768e60b9269babb15cb1e36ee843243d7c7543,30.792528,1772273080,beab569c2004ba774c7dfbdee1cd5bf19db32b1cbaeb9f57d68c427b37efc44b,321,321.00,3.91,1,7,4,0.033753,0.679515,POS,pos,4.92,210,0
42,3,0x89100a8056319ba37491b32ba255004180607bc2,4.783077,1772273082,b0038255f00c54f3293fe4057e5a3cc84ebab39cc4a4734c7d21ba97030951c6,450,150.00,4.28,1,9,4,0.034216,0.680557,POS,pos,4.38,211,0
42,4,0x606627477c3734932f47972f83c27cf4e3b35b4f,13.401797,1772273084,f6b224ece43b7e81912e2011d58a4788ae33fe6adcc5738b4b557b70089b9ebc,251,251.00,3.30,1,6,3,0.034217,0.680568,POS,pos,6.50,212,0
43,0,0xe6ebb0cdfd04183d498964e5efc4096ba77b17d6,13.308353,1772273087,f7a49ffe246229b4b768c5affaf944cab7ae06329d3097bd8804780e3aa1cbaa,450,150.00,3.84,1,7,4,0.034184,0.681151,POS,pos,3.31,213,0
43,1,0xa3786e459f289a76c0e8af8ad834e3d0c6d47199,11.741033,1772273088,ab5592cd82de37bc95d671c53cae50c1563bce8dfc6cb4c6ca19813dbe39c801,335,167.50,4.13,1,7,4,0.034257,0.681937,POS,pos,3.59,214,0
43,2,0xac768e60b9269babb15cb1e36ee843243d7c7543,31.796788,1772273090,b951a4550ad9a56c59b170138360d3266267151b6ab983e1d296fdbedd42a714,196,196.00,3.53,1,7,4,0.034295,0.682628,POS,pos,12.22,215,0
43,3,0xac768e60b9269babb15cb1e36ee843243d7c7543,32.801228,1772273092,88006a3dbe3e1e018f7ceffc87fb1ddc61a3121cc563fee21f9ced66b1736227,450,150.00,4.03,1,10,4,0.034758,0.683643,POS,pos,4.29,216,0
43,4,0xa3786e459f289a76c0e8af8ad834e3d0c6d47199,12.742813,1772273094,975506e120142b6e6b82f0fbb566d84c8275c4f84329ddcf1863fe4dfc404779,120,120.00,3.22,1,4,3,0.035234,0.684648,POS,pos,1.00,217,0
44,0,0x1d1d2c63625de70b1e5ef40056bd2deb89d7fef2,1.063298,1772273096,db75946cf11ddd69830b6087eec5e0b88ef8e619647e5364ee38804083ede666,450,150.00,4.17,1,12,4,0.035284,0.685325,POS,pos,4.35,218,0
44,1,0x606627477c3734932f47972f83c27cf4e3b35b4f,14.406017,1772273098,af5a4a337e1fb305b8af41c10c9cd2d93a273ecdb44a89a2419264ef0156b5d4,357,178.50,3.70,1,6,4,0.035090,0.683545,POS,pos,10.96,219,0
44,2,0x6d6b2734a20229ddd7fd4a1470ba3e3bad4e4a85,4.645264,1772273100,92528edc7ee11b9b6bf42f109d51c778c3e7c1fc4b5be5a6db769971d55aba68,186,186.00,4.04,1,8,4,0.035173,0.684413,POS,pos,2.26,220,0
44,3,0x4a217e35f6402e7f62a49f6d62e27c6585c2f3fd,6.500487,1772273102,e907461d2165370c842cc53383b0a925771240626ac1fbb240e26cc8e1aaec34,450,150.00,4.51,1,10,4,0.035054,0.684046,POS,pos,6.50,221,0
44,4,0x6064b9f5883bf9737dfe314ff68c56e09e68ac89,4.187529,1772273104,54da7ba6fa81d94170f45ac7e86da079fd401ca01c1684479e705d95a57e5c09,211,211.00,4.02,1,9,3,0.034974,0.684012,POS,pos,11.93,222,0
45,0,0xd67aaaf210c0c36ddcb7055222d168b5c9dd1b36,0.178201,1772273106,e9469309664a309f75ee331e7d1579c8c9fc1cc9c1a47ac71df46b9b1efa737b,450,150.00,3.89,1,6,4,0.034847,0.683498,POS,pos,4.13,223,0
45,1,0x63f4973c0df8a5358405f396dc0673a463c48de9,8.909027,1772273109,0f334bcb57c7a82a4514516793414b470b4a40d389ad18692b7cc6e0eb594cb7,311,155.50,3.35,1,6,4,0.034640,0.680946,POS,pos,45.92,224,0
45,2,0x016d3fc36beee7caa8fbd6c1caa42461dd7f9850,4.885799,1772273110,3b9b3fb7da9c6e1ffd9716397b7f9a57d25d22b5671346022f240b289c36a46d,450,225.00,3.80,1,7,4,0.034641,0.680957,POS,pos,6.00,225,0
45,3,0x606627477c3734932f47972f83c27cf4e3b35b4f,15.407467,1772273112,9c8773e08c3f737ae9ac1fe6a4fcffd0abd821a246ceebbc82bbce857978a285,101,101.00,2.89,1,4,3,0.034531,0.680592,POS,pos,6.39,226,0
45,4,0x269cdf52f97e1d9f14b7be895155a7b294f0b21d,1.716593,1772273114,dfae4ea27e31650b6da6f3f4e9c9616114a3486c0b12b8791d78adb5529534e3,314,104.67,3.82,1,12,4,0.034630,0.681472,POS,pos,3.08,227,0
46,0,0xbc3f8508d26048f2064aa8c068f4c94d08d77d18,7.072259,1772273116,50543ce7a7fcf7c2a279cc03d6dbb1457bc9df9c559e91867ab675fc8d2f4562,444,222.00,3.91,1,10,4,0.034631,0.681483,POS,pos,3.80,228,0
46,1,0x58a21eeb7ab18ba8adf1296e66a4487076e95dac,16.120234,1772273119,5cc7fe0dfc0a7fb5c39f694b3f3e4bcb299a59932a4abbe666faaaa57c15ca94,283,141.50,4.27,1,9,4,0.034390,0.680132,POS,pos,6.45,229,0
46,2,0x2abf89d7c96c80fcff9dec1fe92803573094ee35,3.231745,1772273120,a72c4b7adaf12798a4e8a1e12c5e8a5ddba138a466500f8bf7167c1b133e429d,450,225.00,4.05,1,10,4,0.034501,0.681032,POS,pos,9.12,230,0
46,3,0x6d6b2734a20229ddd7fd4a1470ba3e3bad4e4a85,5.649254,1772273122,f2540ec7c806761b263bd7673536b7a11a485ca18bd4c35c34c36ef09595e038,83,83.00,3.28,1,4,4,0.034359,0.680401,POS,pos,10.31,231,0
46,4,0xe6ebb0cdfd04183d498964e5efc4096ba77b17d6,14.310763,1772273124,42de262a9877130e0b0811bc18bd69a722d34cdb4c28071dda5e70b0f808d731,354,118.00,3.92,1,7,4,0.034265,0.680177,POS,pos,3.88,232,0
47,0,0xeb82a21cb3d0dd781eb22ad74bb7cd9b4d2a06ec,13.942095,1772273126,6249ec80ae1cd97d899282eb36ba6a07b60ef42c318acca5a46ce05fbffafc24,283,141.50,4.10,1,8,4,0.034338,0.680961,POS,pos,3.93,233,0
47,1,0xac768e60b9269babb15cb1e36ee843243d7c7543,33.801238,1772273129,0798f0d962087747f697a6c09676f1f58e8abe77a8989cf26363d20b6cb9f4c2,450,225.00,4.00,1,9,4,0.034402,0.681681,POS,pos,5.45,234,0
47,2,0x89100a8056319ba37491b32ba255004180607bc2,5.784357,1772273130,856f050f4a0501ee5c81a47b63692901ca2efefd2c8a429e83ad966eb3f91e66,370,185.00,3.75,1,7,4,0.034840,0.682641,POS,pos,6.86,235,0
47,3,0x58a21eeb7ab18ba8adf1296e66a4487076e95dac,17.124414,1772273132,0edd84387ba1ddc9b950421c9bc28cb42c34dfff172c573b0065d07848da585a,197,197.00,3.72,1,8,4,0.034746,0.682385,POS,pos,3.59,236,0
47,4,0xac768e60b9269babb15cb1e36ee843243d7c7543,34.804828,1772273134,e42c5aa029c2855656443736637e0a3cf63761d5a1dc2f326b88de499a49ee2f,450,150.00,4.39,1,9,4,0.034864,0.683277,POS,pos,4.07,237,0
48,0,0xb7b4ee0a72bc410bf6d32b9cd3f3e11fc756d6f1,3.081049,1772273136,1de9b8d72839933065e0bf425c4575f92b7fa7a8e0aea51c597332bea689dc9d,169,169.00,3.76,1,6,4,0.035308,0.684223,POS,pos,1.72,238,0
48,1,0xeb82a21cb3d0dd781eb22ad74bb7cd9b4d2a06ec,14.946255,1772273139,18a87d276c281c2783cab2b565eb273a65106ee12085b046ee2cb0e82a0ae25f,450,150.00,3.63,1,7,4,0.035160,0.683516,POS,pos,7.53,239,0
48,2,0x34412315480562da4810040fd15c81f99880e1ab,2.891073,1772273140,82cd361308c922e2c86eccaac957d3f29f9c861648d5d2d25fcbb553d2d1f770,291,145.50,4.11,1,7,4,0.035231,0.684253,POS,pos,3.02,240,0
48,3,0xe6ebb0cdfd04183d498964e5efc4096ba77b17d6,15.313153,1772273142,ec90f6ab30a3dc970ac2f70fb620c8acb9508c5ad3fefa594cf581ba01bfcd44,249,249.00,4.27,1,7,4,0.035081,0.683461,POS,pos,3.64,241,0
48,4,0xaadc5fea232580cb8fba739ac5d05a48559c7e52,8.363493,1772273144,b8b309afbc669362b50b316c11c8c66f4d1c26ec1884a639e8e21465d08d6e0c,450,150.00,4.57,1,9,4,0.035157,0.684176,POS,pos,3.85,242,0
49,0,0xb2a7fe70a6f3137d38f6cb4c3ec6dd1e24f2d5f4,3.418928,1772273146,cc6f9f20d361aadf31f08e6e91bdd4a89f3121d562c3056b977b17a07374040d,252,126.00,3.99,1,6,4,0.035107,0.684582,POS,pos,9.56,243,0
49,1,0xe6ebb0cdfd04183d498964e5efc4096ba77b17d6,16.317473,1772273149,704b40efde5b2fcc91afeb76f0e20245b1caf4aec7538a5f5c7879a51a68fdd8,450,225.00,4.21,1,6,4,0.034968,0.683873,POS,pos,4.47,244,0
49,2,0x1d1d2c63625de70b1e5ef40056bd2deb89d7fef2,2.065378,1772273150,4d600e0be75fe084f2bcd84c3c20b41f6ff234847d9c92d1acbe69c20a09795a,301,150.50,4.14,1,7,4,0.035059,0.684669,POS,pos,2.42,245,0
49,3,0x606627477c3734932f47972f83c27cf4e3b35b4f,16.409657,1772273152,d9418b65bf2936be0a780151d6d75f74c552f306ade65473751cdc1650da35da,270,270.00,4.11,1,8,4,0.034897,0.683496,POS,pos,4.38,246,0
49,4,0xac768e60b9269babb15cb1e36ee843243d7c7543,35.806008,1772273154,cfddb968fb4adb46355ef14f53b641061bf3b63015b81515fe894c4c739b4267,450,150.00,4.27,1,10,4,0.034898,0.683506,POS,pos,4.00,247,0
50,0,0x606627477c3734932f47972f83c27cf4e3b35b4f,17.414107,1772273156,43f4cc80e80f7bceff7680317b344bed542525d3d2bf0a32c5b942d5f2610d57,254,127.00,3.43,1,7,3,0.034989,0.684256,POS,pos,7.45,248,0
50,1,0x606627477c3734932f47972f83c27cf4e3b35b4f,18.418577,1772273159,fbe3e9b6c9e8cfc5aaa9f676ac7fe7510a5225531068df0561967c1bf21db475,450,225.00,4.04,1,7,4,0.035522,0.685976,POS,pos,2.90,249,0
50,2,0x1796dc61e715f15a2d27dfa32bd34780f12a8c24,1.711521,1772273160,54bd65b4bc928cb87b6b08fcca062d60fbbb312fafddd87a6818d08cb1038478,228,114.00,3.41,1,5,3,0.035640,0.686816,POS,pos,2.23,250,0
50,3,0x606627477c3734932f47972f83c27cf4e3b35b4f,19.420747,1772273162,064e7aca6a01e7c07546e1f1862bf7f28b76d04c0921de99216d51b92f323ec8,308,308.00,3.30,1,6,3,0.035470,0.685385,POS,pos,2.60,251,0
50,4,0xac768e60b9269babb15cb1e36ee843243d7c7543,36.808378,1772273164,8fcc0865096c67b97e8384668f84d13fde4a5f9d154e27d41a0d5bcc7cbb9bc1,450,150.00,4.04,1,9,4,0.035604,0.686230,POS,pos,3.22,252,0
51,0,0x58a21eeb7ab18ba8adf1296e66a4487076e95dac,18.128124,1772273166,69970444cbe727b333f77afc6c1ba6bb4b2bc99e50cec56fe4b606957cf59fb7,234,117.00,3.77,1,8,4,0.036031,0.687126,POS,pos,3.64,253,0
51,1,0xeb82a21cb3d0dd781eb22ad74bb7cd9b4d2a06ec,15.948385,1772273169,2825aa4e5f20d1196f368c780b9751ccfc3ea82601b179d9e1285f3915c61739,450,225.00,4.48,1,7,4,0.036138,0.687902,POS,pos,4.92,254,0
51,2,0xeb82a21cb3d0dd781eb22ad74bb7cd9b4d2a06ec,16.950725,1772273170,180b03dd662d590a1d4a0a015cfa2b208ffb277f9763b38f94ebad80bf5ca94b,239,119.50,3.56,1,6,4,0.036205,0.688556,POS,pos,4.13,255,0
51,3,0x26d553a2f4343b3a7dc88bbd87b3d0a25d3838d9,8.224030,1772273172,9cdbb9b5b7420f46cc8414395343ab9f49762a879f44479acc3cb4433b6b1e0d,259,259.00,4.07,1,7,4,0.036288,0.689242,POS,pos,1.92,256,0
51,4,0x28672c71695142588ed26ada6f4b18b8b6c12308,2.688088,1772273174,c06e2a9c77ab09d904a2ec7905b14558789c0b33ef2bb8996a0fd631384cea62,450,150.00,3.98,1,9,4,0.036225,0.689538,POS,pos,8.45,257,0
52,0,0x4ba33404d90c4ae989714d9d174cd882cffb7994,5.121482,1772273176,1ce914e5edc75057456b2bafd8c2a172a3044ccba85cb6bbbd5507c335cf495a,250,125.00,3.25,1,7,3,0.036070,0.688642,POS,pos,15.74,258,0
52,1,0xa068e3c9a21c8d8be636cd2d285895979ec3262e,6.972001,1772273179,0191ff6f2d42b937681110920223123c7e251cec9304769770fcfc1525a73855,450,225.00,4.05,1,7,4,0.035956,0.688267,POS,pos,14.05,259,0
52,2,0x58a21eeb7ab18ba8adf1296e66a4487076e95dac,19.132394,1772273180,7ebb188003c73db99cd6660a891649f9f5ea9fc0f1df2b9ad052f86f93d80c98,330,165.00,4.14,1,7,4,0.035873,0.688231,POS,pos,13.51,260,0
52,3,0x30405867b72597aaeb27803bb2c7f3f5fc7d5384,2.511974,1772273182,6c319ba71ee24859fac841de6f1eebe360336bfdf472d28f68617a873d778dd5,233,233.00,4.06,1,8,4,0.035988,0.688987,POS,pos,2.64,261,0
52,4,0x89100a8056319ba37491b32ba255004180607bc2,6.785007,1772273184,a060410bf98a5a1a410b04328b11c667c0247757a3044dc08c8ba6915d84decb,450,150.00,4.08,1,9,4,0.035833,0.687987,POS,pos,8.11,262,0
53,0,0x07902d0371763a00d97ed9ba16ff0a206cb0fd19,6.535059,1772273186,0bb4bcb565ead2201f5718f4c51c081f8afff79495f6e3b43677fe6dc09ed9dd,309,154.50,3.64,1,8,4,0.035748,0.687871,POS,pos,4.45,263,0
53,1,0x606627477c3734932f47972f83c27cf4e3b35b4f,20.424717,1772273189,c535757c721643a0ee21cea75976289049b0fcf340fb7713418381d534f09818,450,225.00,2.47,1,4,2,0.035748,0.687881,POS,pos,10.14,264,0
53,2,0x28672c71695142588ed26ada6f4b18b8b6c12308,3.690258,1772273190,3af164ad1676b3e13e96f3299757d6e465ed4b53af45070b63035547358861dc,219,109.50,4.55,1,7,4,0.035790,0.688468,POS,pos,5.01,265,0
53,3,0xac768e60b9269babb15cb1e36ee843243d7c7543,37.810148,1772273192,73c30424d8c646ec30b46d7e8af8a500bb46bb6643cf20fc6c3bcbcdef5f008b,284,284.00,3.82,1,7,4,0.035656,0.687810,POS,pos,2.51,266,0
53,4,0xac768e60b9269babb15cb1e36ee843243d7c7543,38.814118,1772273194,d3598c9dd1247bae21c3087fdc9ee4be676afc8e123baa1cb1933daf3bf46cd7,399,133.00,4.17,1,10,4,0.036059,0.688668,POS,pos,5.12,267,0
54,0,0xd46407aa7b668c72de3cf1c1a12b7fa2e308a1b2,10.004639,1772273196,3aaf2f1304c68a121b46f5657c15337afd9974a790794253e5ebaef5d8e3960c,232,116.00,3.68,1,6,4,0.036471,0.689520,POS,pos,2.72,268,0
54,1,0x4ba33404d90c4ae989714d9d174cd882cffb7994,6.125542,1772273199,c2baaea72974fed56184ce6b717837e16f296965f2033fc8a4f2ac642ba8cb34,450,225.00,4.05,1,7,4,0.036432,0.689983,POS,pos,4.85,269,0
54,2,0x606627477c3734932f47972f83c27cf4e3b35b4f,21.426637,1772273200,5b8a88e5611675185f05559634da453ce2d9711ea338f4d09ad99bff5a68e6d6,296,148.00,4.08,1,6,4,0.036333,0.689680,POS,pos,3.23,270,0
54,3,0xac768e60b9269babb15cb1e36ee843243d7c7543,39.816268,1772273202,433f699bf43cb76932e6cfef6c55191105600b61f3c56c32bee9631178054d49,285,285.00,3.97,1,8,4,0.036469,0.690467,POS,pos,2.24,271,0
54,4,0x58a21eeb7ab18ba8adf1296e66a4487076e95dac,20.134184,1772273204,727a538331a7edc7e4213c83a2252b15651ffbd9234f98dc2f978a1786039993,375,125.00,4.10,1,11,4,0.036883,0.691305,POS,pos,3.86,272,0
55,0,0x58a21eeb7ab18ba8adf1296e66a4487076e95dac,21.137184,1772273206,9d1047c2d41c7cea675de3b23fba74b0947b98a6af24c65fc330b15d8255d85a,301,150.50,4.21,1,12,4,0.036994,0.692029,POS,pos,3.36,273,0
55,1,0x719361397abe003a91af76243e5f9c7a0cd4279f,8.548316,1772273209,09aab449997afce544ec526097d9332bec95b1ae2b3f8045fdee199344a30a55,450,150.00,4.08,1,7,4,0.037119,0.692754,POS,pos,3.72,274,0
55,2,0x1d1d2c63625de70b1e5ef40056bd2deb89d7fef2,3.066528,1772273210,b61a3c0ead9341d272266386883bcebd5bbb502ba20193570fb4ffd636e74b81,50,50.00,2.68,1,5,2,0.037052,0.693033,POS,pos,53.28,275,0
55,3,0x07902d0371763a00d97ed9ba16ff0a206cb0fd19,7.539029,1772273212,8119def84eed7f348eefda09062600c6ca9ab77cc3382339268455a403245d93,296,296.00,3.80,1,6,4,0.036903,0.692158,POS,pos,3.31,276,0
55,4,0xd46407aa7b668c72de3cf1c1a12b7fa2e308a1b2,11.008679,1772273214,d23dacd6fe1a600b11dc70c9df018f9c9c0a1fbf449a704a0f5abd80d4e62afc,450,150.00,3.18,1,7,3,0.036822,0.692203,POS,pos,4.79,277,0
56,0,0x2abf89d7c96c80fcff9dec1fe92803573094ee35,4.230125,1772273216,22089b840e8d5e389b04dbd6d8f6d4204fa227178c2d9bb04532976b1002daa8,213,106.50,3.69,1,6,4,0.036823,0.692212,POS,pos,3.17,278,0
56,1,0xe6ebb0cdfd04183d498964e5efc4096ba77b17d6,17.318863,1772273219,a0e82b50101352d1d01e5750d4f100edbce2fb20fa00e1220633e59a48d9669d,450,225.00,3.73,1,6,4,0.036663,0.692101,POS,pos,4.75,279,0
56,2,0xac768e60b9269babb15cb1e36ee843243d7c7543,40.819628,1772273220,ae43829d1e874ea100c9ae7a6c626f573f0975409a6e0f21e40cb41381a9888b,315,157.50,3.73,1,6,4,0.036726,0.692720,POS,pos,8.37,280,0
56,3,0xdcf2130496e27a8094ab996aea4aa77788d65869,11.509417,1772273222,0d406ea3b77274f577bf16fcdfc0d0880160c9c8c695fce090da211ea9b1b8ed,280,280.00,4.17,1,8,4,0.037130,0.693533,POS,pos,2.71,281,0
56,4,0xac768e60b9269babb15cb1e36ee843243d7c7543,41.822388,1772273224,94a9da8df6fcd0a296a9a02a0dff76fc904eae5b7421895a4fb76a5f804bf0ac,450,150.00,4.36,1,9,4,0.037104,0.693991,POS,pos,8.26,282,0
57,0,0x6d6b2734a20229ddd7fd4a1470ba3e3bad4e4a85,6.650294,1772273226,c3c2ecf9f899507a83190cb457cfafc653eb6ad9d050d36aaf7f6ea070dda8d8,188,94.00,3.53,1,5,4,0.037514,0.694795,POS,pos,2.22,283,0
57,1,0x89100a8056319ba37491b32ba255004180607bc2,7.787127,1772273228,ed46ca8ce78a8dfc0bd7abb70771830fdcce1e0f1cf55d280df7e22dd4dbb1ce,450,225.00,4.01,1,7,4,0.037515,0.694805,POS,pos,6.48,284,0
57,2,0xac768e60b9269babb15cb1e36ee843243d7c7543,42.824168,1772273230,4d2d37a86297633c4ad3e83ffa66665770cec9560ed323d296942a8f1a323621,99,99.00,2.85,1,4,3,0.037434,0.694867,POS,pos,6.13,285,0
57,3,0xbc3f8508d26048f2064aa8c068f4c94d08d77d18,8.072159,1772273232,e7451b454051cc7f0745d1dc7af082c0aeb442ab42d61aaf0c1b3df72d7d4538,368,122.67,3.98,1,8,4,0.037852,0.695665,POS,pos,3.34,286,0
57,4,0x8d9e46becf415ca26aa698c9657087e6554aabda,2.377876,1772273234,00539b946cc2c93f26018f96e8ce979c4a0d9c532aec010e4b139255885fa74a,347,173.50,4.36,1,12,4,0.037772,0.695753,POS,pos,7.28,287,0
58,0,0x63f4973c0df8a5358405f396dc0673a463c48de9,8.905767,1772273237,e9c3b7bee4901a2164f90d893f377fcf8cf13dcff8e10dc6d671aacbb9dbaf43,450,225.00,4.80,1,12,5,0.037613,0.694682,POS,pos,9.05,288,0
58,1,0xe478b1e4d1538274c0c70cbd7df877f9abab2f62,8.305356,1772273238,2dd34ff2918885acad63934f4a066ab8e44b0fe6cd8588516af99872e3eedc3f,205,102.50,3.72,1,10,3,0.037546,0.694965,POS,pos,11.92,289,0
58,2,0x3513d672439a59c26cc5711f2b715ccb4810a774,2.278955,1772273240,fa30d8406b57d60f25ea98ddef9460c6ae0da3da0cf15a139543ad9b9c12a3f4,283,283.00,3.93,1,6,4,0.037471,0.695045,POS,pos,3.11,290,0
58,3,0xac768e60b9269babb15cb1e36ee843243d7c7543,43.827618,1772273242,d91e3db52a226e647a945db98a806a8c5538939e13a5cee81c396099cdd21bc3,450,150.00,3.99,1,11,3,0.037313,0.693896,POS,pos,38.71,291,0
58,4,0xeb82a21cb3d0dd781eb22ad74bb7cd9b4d2a06ec,17.951415,1772273244,3ca7f8f11a2271afbc3984777670a50658f61062aafe6d8d748435e8c9112360,217,108.50,3.47,1,6,4,0.037729,0.694683,POS,pos,3.41,292,0
59,0,0xa447d277b02012c2afd9ddcbbe123f27cc971963,7.812445,1772273247,057606c031a3aae6e84cd0dd20095567269cc7a323612f61da53ffe45efedabf,450,225.00,3.86,1,7,4,0.037785,0.695292,POS,pos,5.52,293,0
59,1,0x58a21eeb7ab18ba8adf1296e66a4487076e95dac,22.140764,1772273248,4f5a499aff3622a6fc8538424e5710a289ae19eef0a44f3b86b576b1a9693f0e,321,160.50,3.28,1,6,3,0.037702,0.695241,POS,pos,17.14,294,0
59,2,0xa3786e459f289a76c0e8af8ad834e3d0c6d47199,13.743773,1772273250,ab7877c85e31ecc7866cb905f6209eb738710b57a6094abb9446e43e661fc15e,271,271.00,4.06,1,8,4,0.037813,0.695951,POS,pos,3.11,295,0
59,3,0x07902d0371763a00d97ed9ba16ff0a206cb0fd19,8.542579,1772273252,15db1390c8f54dc5b8875e81143b8b68daf3b1276a2b3f87dc04b8d6dd4ac0d8,450,150.00,4.10,1,10,4,0.037810,0.696465,POS,pos,12.37,296,0
59,4,0x4414c05be2cf328f38d2e3ef4b705d6b894f044a,5.085579,1772273254,2541c94c0883f38aa769708066bb26b6d0f46e35e0c0208de0ed76d64899d6d7,374,187.00,2.65,1,6,3,0.037810,0.696474,POS,pos,4.96,297,0
60,0,0x1d1d2c63625de70b1e5ef40056bd2deb89d7fef2,4.068518,1772273257,1b842b268e1fd035c893e429a05ee6599e98d7cbf2e849030a9364d09f76055a,169,84.50,3.37,1,5,4,0.037690,0.696049,POS,pos,13.59,298,0
60,1,0x4414c05be2cf328f38d2e3ef4b705d6b894f044a,6.087169,1772273258,b154b5336c8bb10d29b4f021b0916d89ac5670b9c0439ccbe2df1c75ab519072,450,225.00,3.94,1,8,4,0.037691,0.696057,POS,pos,4.53,299,0
60,2,0xa3786e459f289a76c0e8af8ad834e3d0c6d47199,14.747943,1772273260,00f33f86ff670d5486f8859d5834ef3fd99f9bb17cbde2301f8f3c5ad91408b4,29,29.00,3.10,2,4,3,0.037585,0.695712,POS,pos,2.76,300,0
60,3,0x606627477c3734932f47972f83c27cf4e3b35b4f,22.427947,1772273262,869027d1c8eea9fb237eb6c4d00658fe3977b97573fa63a79976cb2b4e8b16ec,327,163.50,4.11,1,7,4,0.037595,0.696222,POS,pos,2.38,301,0
60,4,0x13f9dadc05f6c237b03411e2aed1800cf21a5d89,0.263342,1772273264,59a2aee19d3a7df13a5dd36f6deb3ad60c21aa95414fc989f898f8c567b96dbd,356,118.67,3.86,1,10,4,0.037705,0.696900,POS,pos,3.68,302,0
61,0,0xdb45667100590f9cfe78a899c3b02c5cd37008f1,2.042926,1772273266,261807369fab46a3fdf07d6a389e99729333ebe3f48632c14604f6e6225bd092,442,221.00,3.06,1,7,3,0.037522,0.694855,POS,pos,10.12,303,0
61,1,0xe6ebb0cdfd04183d498964e5efc4096ba77b17d6,18.320723,1772273268,8a5ba990e90afe7265da58695c218be5c3a8e71d39bfc8f81febd51b5b0d1520,381,190.50,4.06,1,6,4,0.037364,0.693605,POS,pos,15.90,304,0
61,2,0x58a21eeb7ab18ba8adf1296e66a4487076e95dac,23.142984,1772273270,cc46d4d74f3db054244b213878fdfbc13348dc778b3d5b18091d424fc6a3b1ac,187,187.00,3.21,1,6,3,0.037419,0.694185,POS,pos,8.96,305,0
61,3,0xa068e3c9a21c8d8be636cd2d285895979ec3262e,7.973181,1772273272,efa48e320fe422e1ebd98e52743e7566b2c7cfb2362fc64868103c3c0e5b8ae4,450,150.00,4.22,1,8,4,0.037536,0.694883,POS,pos,4.40,306,0
61,4,0x26d553a2f4343b3a7dc88bbd87b3d0a25d3838d9,9.225980,1772273274,27eda593585310150a52833c7f604f4e7a19d1eec64f6ed76c2f691fc21bd1f3,167,167.00,3.47,1,5,4,0.037455,0.694813,POS,pos,6.59,307,0
62,0,0x58a21eeb7ab18ba8adf1296e66a4487076e95dac,24.147434,1772273276,ef5e426872c47a55991de69bdc762ba16a2214411aebad095dab49648cd92b52,450,150.00,3.70,1,6,4,0.037391,0.695105,POS,pos,5.05,308,0
62,1,0xc4dc29db975b952e04358340e56b68fa4ba63fbc,2.534081,1772273279,b8c461f0d5e505780d7396584ae89c7db8120b4cbdeb7839c4c8742f24bddae3,327,163.50,3.89,1,6,4,0.037518,0.695813,POS,pos,2.42,309,0
62,2,0xac768e60b9269babb15cb1e36ee843243d7c7543,44.829018,1772273281,ca0c868f85b861bdd3d01236d37ed67e841930dceb82c9af9499b8e70e689e20,450,150.00,4.46,1,9,5,0.037518,0.695822,POS,pos,12.55,310,0
62,3,0xaadc5fea232580cb8fba739ac5d05a48559c7e52,9.362643,1772273283,4de45fd117afa55fc0b2c5eae85f770080b313e1bd08c435371e0bd4b38a816a,187,187.00,3.46,1,8,3,0.037905,0.696573,POS,pos,5.73,311,0
62,4,0xd46407aa7b668c72de3cf1c1a12b7fa2e308a1b2,12.009179,1772273285,69957c31703440d65be57f4ce8015d1f0c4b090e1670c9567178699ce0a741db,450,150.00,4.10,1,6,4,0.037840,0.696837,POS,pos,6.26,312,0
63,0,0x606627477c3734932f47972f83c27cf4e3b35b4f,23.430917,1772273288,2fa49c92df3589bab5c443172f03fb188e5437802dff3ea2a2570a62bb7e0c43,275,137.50,3.96,1,5,4,0.037808,0.697255,POS,pos,4.29,313,0
63,1,0xeb82a21cb3d0dd781eb22ad74bb7cd9b4d2a06ec,18.954815,1772273289,44039c7336d8758ee926924140c29440060e65a340f504bab4423c7335339d01,450,225.00,3.88,1,7,4,0.037809,0.697264,POS,pos,3.73,314,0
63,2,0xdcf2130496e27a8094ab996aea4aa77788d65869,12.512137,1772273291,8b7a63a7e8ee6e5175dfad6c6b64d71153354a84b181d4ac048982ffeee38e4d,63,63.00,2.98,1,4,3,0.037863,0.697836,POS,pos,11.21,315,0
63,3,0x4ba33404d90c4ae989714d9d174cd882cffb7994,7.126672,1772273293,3933192e9fbb43966669aee99005c1dc6b72dd58694e95122c307dc134d0e04c,404,134.67,4.01,1,7,4,0.037837,0.698250,POS,pos,4.39,316,0
63,4,0x719361397abe003a91af76243e5f9c7a0cd4279f,9.546556,1772273295,2f963a71effc11d5fd6c4286f2412a42822c5ba6ab393043352e8030ca350b00,244,244.00,3.64,1,9,4,0.037838,0.698258,POS,pos,7.45,317,0
64,0,0xc24b36dee27726233c3bbd9e1f028f98b6b2a424,7.412609,1772273298,c264d37cc20d7c993f26d75ff9606639aecd1308095b679a223d229f0f612498,450,150.00,3.69,1,7,4,0.037681,0.698301,POS,pos,6.65,318,0
64,1,0xaadc5fea232580cb8fba739ac5d05a48559c7e52,10.366853,1772273299,e7d47e63773b4bcb1de887e3c2c9e9fe4f3712c115743a912ba6152526d3e1b1,352,176.00,3.91,1,6,4,0.037592,0.698099,POS,pos,13.14,319,0
64,2,0x26d553a2f4343b3a7dc88bbd87b3d0a25d3838d9,10.229790,1772273301,cd0e51d7800cfbee8db466147041894b8da4e954e62cbcac3cda3e72aba6e8f8,228,228.00,4.14,1,8,4,0.037540,0.698426,POS,pos,3.79,320,0
64,3,0xa447d277b02012c2afd9ddcbbe123f27cc971963,8.814265,1772273303,05f56eadb3dc97a9432e1b8b7a5e99a381dd62c617294982bcd33489d656b0f9,450,150.00,4.06,1,9,4,0.037486,0.698695,POS,pos,4.56,321,0
64,4,0x606627477c3734932f47972f83c27cf4e3b35b4f,23.430437,1772273305,6b13804b88804fd60e2b3efbf5f7d1b1edbebdb5f12d6e618bb0faeee0328ce9,238,238.00,3.22,1,5,3,0.037415,0.698785,POS,pos,4.32,322,0
65,0,0xfdc414c57908f0e2a6a926079902d4688d553610,0.163992,1772273308,7a00276d47251017a65c41654d69dd3e4dd4c79c14034f0cbb9438bbc17256ae,450,150.00,3.97,1,7,4,0.037520,0.699412,POS,pos,3.58,323,0
65,1,0xac768e60b9269babb15cb1e36ee843243d7c7543,45.830288,1772273309,960f6bc321b421b056e4f2c0e61898e5a12204c995a910a66c7cf36948ffb455,339,169.50,4.27,1,7,5,0.037345,0.697303,POS,pos,43.96,324,0
65,2,0x606627477c3734932f47972f83c27cf4e3b35b4f,24.434797,1772273311,504764751e3210946189912111013d64ec48475fa1102de80b7ea7ba46f25fe5,246,246.00,3.89,1,8,4,0.037715,0.698027,POS,pos,2.98,325,0
65,3,0x606627477c3734932f47972f83c27cf4e3b35b4f,25.439287,1772273313,d1994103477bb74fed461b4ba95251dc9d6221fe9f80ecdcbe8c4fb1b256022c,450,150.00,4.39,1,10,4,0.037828,0.698665,POS,pos,3.78,326,0
65,4,0xac768e60b9269babb15cb1e36ee843243d7c7543,46.832588,1772273315,0240e7a9ed5e361fc1e0cac4ef9498414f53d7701d72f1a1df26724bf08a5b85,201,201.00,3.38,1,4,3,0.037950,0.699333,POS,pos,1.36,327,0
66,0,0xa3786e459f289a76c0e8af8ad834e3d0c6d47199,15.749883,1772273318,9e956db3d26444f2b2636725565e758d9b6ee4124561c07e3816bcad915441f1,450,150.00,4.24,1,7,4,0.038323,0.700048,POS,pos,3.24,328,0
66,1,0x8d9e46becf415ca26aa698c9657087e6554aabda,3.380336,1772273319,11c43468b8a0d0e427fc9beda00f3360fdfd8d4be5d041e385f1e5fe52c82aad,379,189.50,4.25,1,11,4,0.038329,0.700517,POS,pos,8.60,329,0
66,2,0x606627477c3734932f47972f83c27cf4e3b35b4f,26.441137,1772273321,cf9128ea3d29b8a24acbe20073deb9ac9a1e36840f65f95f7b44e4ed3f529e6f,227,227.00,3.89,1,7,4,0.038190,0.699755,POS,pos,12.13,330,0
66,3,0x89100a8056319ba37491b32ba255004180607bc2,8.785767,1772273323,4a6cb043e876f7a418b9f313a9fad0170681fc5545161b2b7af8d38b5e8f9983,450,150.00,4.15,1,11,4,0.038318,0.700415,POS,pos,4.20,331,0
66,4,0x89100a8056319ba37491b32ba255004180607bc2,9.788767,1772273325,69eafe7f1c550c0137a11041888ff159f1521751a1bbd628003b03fde3f5eb73,305,152.50,3.26,1,4,3,0.038242,0.700445,POS,pos,11.66,332,0
67,0,0x408bb0bf84df50b21c53c74420987f172d4036a1,3.790554,1772273328,f0649d852e7dd00cbe50fe9751f99129fd0357582ce02b66704f4fe95396bf6c,448,224.00,4.08,1,6,4,0.038177,0.700624,POS,pos,2.64,333,0
67,1,0xb990cdf21950e6086c350175c4bc504e45858230,0.105728,1772273329,6b052659221de63174c80e800758367f792d94281fb96e9342023cb3a308b66a,359,179.50,3.60,1,11,4,0.038045,0.699949,POS,pos,41.47,334,0
67,2,0xe478b1e4d1538274c0c70cbd7df877f9abab2f62,9.305826,1772273331,71a976bf84f4486493551b1c95d85638fbab65c298b1addf2d626c21e0846f17,226,226.00,3.31,1,8,3,0.037871,0.697780,POS,pos,72.19,335,0
67,3,0xac768e60b9269babb15cb1e36ee843243d7c7543,47.836728,1772273333,d646bda84d21f826c0e4c28cb8f704e6f511e4152c20fa04e61800e77d35c0f3,450,150.00,4.46,1,10,4,0.037802,0.697859,POS,pos,7.11,336,0
67,4,0x30405867b72597aaeb27803bb2c7f3f5fc7d5384,3.512504,1772273335,5934b8f098567fbd031168d93fe1462831fffb686e5f8fca27f0ef3730b47f84,138,138.00,3.05,1,4,3,0.038166,0.698560,POS,pos,4.38,337,0
68,0,0xe6ebb0cdfd04183d498964e5efc4096ba77b17d6,19.321063,1772273338,5b46bd608b7a825fa8d4725322b35b52e2ff70de1f2c61a44c50fc8fa07c71ff,450,150.00,3.67,1,6,4,0.038031,0.697777,POS,pos,7.22,338,0
68,1,0xb2a7fe70a6f3137d38f6cb4c3ec6dd1e24f2d5f4,4.418668,1772273339,98379f579e4abb474d2ca6794ae8a028bd2587f3f9b41276220cbd85f0f33922,320,160.00,3.93,1,7,4,0.038073,0.698304,POS,pos,6.66,339,0
68,2,0x7e40df5d801345015e84c843908efc6683665fa4,2.650769,1772273341,b4b93e7fce0eb83809fad973480a98cbb9794b9b26c8d36849fece19bc382597,273,273.00,4.10,1,8,4,0.037949,0.697759,POS,pos,9.68,340,0
68,3,0xac768e60b9269babb15cb1e36ee843243d7c7543,48.837838,1772273343,16005e66cd05675ac7c3cf01523029b3707e5e9f11bb64445eb74af5e4a4c0aa,450,150.00,4.11,1,9,4,0.037806,0.696782,POS,pos,5.45,341,0
68,4,0xeb82a21cb3d0dd781eb22ad74bb7cd9b4d2a06ec,19.953925,1772273345,91cc76604a9b2077152f55e070c335f359baf9ec2fda39688d0b3121882b5fdb,195,97.50,3.62,1,5,4,0.038171,0.697478,POS,pos,3.14,342,0
69,0,0x26d553a2f4343b3a7dc88bbd87b3d0a25d3838d9,11.233180,1772273348,d54e9ebd2483e122c5cf4915ad861992b96156b68d4c54b92fb1027affab4909,450,225.00,4.06,1,7,4,0.038172,0.697487,POS,pos,4.65,343,0
69,1,0x63f4973c0df8a5358405f396dc0673a463c48de9,9.904867,1772273349,e49a606193dfee741d9787768e05e8fdc41d179d12f61fabdb5b6ef2f03f5c2b,66,33.00,2.95,1,4,3,0.038167,0.698323,POS,pos,19.36,344,0
69,2,0x63f4973c0df8a5358405f396dc0673a463c48de9,10.907937,1772273351,609aa7134b3ba5c76d398ac9a73a554a6553178989fc6ed20d44188be1756d73,308,308.00,3.55,1,7,3,0.038102,0.698455,POS,pos,10.11,345,0
69,3,0x6064b9f5883bf9737dfe314ff68c56e09e68ac89,5.186609,1772273353,6505e5e26635f35f6178e90ba091cf035ec038b82305ddf51f78959a57a77059,406,135.33,3.90,1,8,4,0.038049,0.698701,POS,pos,3.46,346,0
69,4,0x95ab54d268473cce82094026afefdbd5cadf418b,1.585458,1772273355,b163e5a4efcd6b96e3d0b86a4a1cab6ce3323020b544ea9adca27c500506fb3c,296,148.00,3.88,1,7,4,0.037934,0.698273,POS,pos,6.78,347,0
70,0,0x7e40df5d801345015e84c843908efc6683665fa4,3.654969,1772273358,53c12a977004238d2e1bc52ee11b98b1330ff70df3ba9cd6909ce9385a98d8ec,450,225.00,3.89,1,9,4,0.037782,0.696977,POS,pos,32.93,348,0
70,1,0x4414c05be2cf328f38d2e3ef4b705d6b894f044a,7.084819,1772273359,47d7083cc87d2447b2f47737b7257e0f0cfe24468d6ebc03acda68121739dfc6,386,193.00,3.54,1,7,3,0.037782,0.696986,POS,pos,4.20,349,0
70,2,0xa3786e459f289a76c0e8af8ad834e3d0c6d47199,16.752653,1772273361,eedb872cc02f936571e4b9b0f0f8a490efa9b4633cc38aad27c3d33648f889f0,181,181.00,3.10,1,5,3,0.037690,0.696729,POS,pos,4.71,350,0
70,3,0xac768e60b9269babb15cb1e36ee843243d7c7543,49.839368,1772273363,17caef38b1226c799261e7a23dd54b24ca59286286d564479ca4b63aa7dd54d0,450,150.00,4.64,1,10,4,0.037699,0.697183,POS,pos,5.46,351,0
70,4,0x2abf89d7c96c80fcff9dec1fe92803573094ee35,5.230815,1772273366,18f252e78f05408bd6f6f9745abe9338c659a57f6824f86f8f498264f2011bc7,252,126.00,3.41,1,5,4,0.038057,0.697863,POS,pos,2.69,352,0
71,0,0x8d9e46becf415ca26aa698c9657087e6554aabda,4.381416,1772273367,ffc84159aee886bb135aa4d604de610f70f6907bb36ffde399e9224d8dfc122b,450,225.00,3.75,1,7,4,0.038058,0.697871,POS,pos,10.77,353,0
71,1,0xe478b1e4d1538274c0c70cbd7df877f9abab2f62,10.309386,1772273369,56c552b80040d416ee4608752009606de43ab6d3b8f3b9edda3fad1f2d4b3538,86,86.00,3.71,1,5,4,0.037935,0.697279,POS,pos,14.16,354,0
71,2,0xe478b1e4d1538274c0c70cbd7df877f9abab2f62,11.312886,1772273371,09bd71954ce308d27f2cb3c2528b4387502b6efd2410f754a9f6aba2dab18727,354,118.00,3.75,1,6,4,0.037875,0.697421,POS,pos,4.21,355,0
71,3,0xd46407aa7b668c72de3cf1c1a12b7fa2e308a1b2,13.009649,1772273373,46d619287ea74ecf8910135c64e8e6db5557029ec5cd2c5370eea3c533857a53,384,192.00,4.10,1,5,4,0.037826,0.697661,POS,pos,2.85,356,0
71,4,0x89100a8056319ba37491b32ba255004180607bc2,10.791887,1772273376,d7b7bff6899dcb1a0b30154cbf105a77f4d92ad03d2b635316d6be62c77e4e0c,363,181.50,4.17,1,8,4,0.037795,0.698043,POS,pos,3.77,357,0
72,0,0x606627477c3734932f47972f83c27cf4e3b35b4f,27.444077,1772273377,d7b7bff6899dcb1a0b30154cbf105a77f4d92ad03d2b635316d6be62c77e4e0c,363,181.50,4.17,1,8,4,0.037795,0.698047,POS,pos,3.77,357,0
72,1,0x606627477c3734932f47972f83c27cf4e3b35b4f,27.444047,1772273379,e11133fe8b120088665e43498b7a747c3b17e0c7c5449492842951e5b5b5a346,450,150.00,4.44,1,9,4,0.037740,0.698192,POS,pos,5.50,358,1
72,2,0x6d6b2734a20229ddd7fd4a1470ba3e3bad4e4a85,6.646534,1772273381,e11133fe8b120088665e43498b7a747c3b17e0c7c5449492842951e5b5b5a346,450,150.00,4.44,1,9,4,0.037741,0.698200,POS,pos,5.50,358,2
72,3,0xac768e60b9269babb15cb1e36ee843243d7c7543,50.841378,1772273384,96c277f99e872732ef22301dfa7f41a76226de8476d8a3ed15c9be2a630bcf8b,450,90.00,3.73,1,7,4,0.037644,0.697878,POS,pos,11.67,359,2
72,4,0x606627477c3734932f47972f83c27cf4e3b35b4f,27.443897,1772273385,a7abaa97f678a1930062d60dff5107629fa096bf6be3893b59bc658c5c140bc5,361,180.50,3.92,1,7,4,0.037999,0.698548,POS,pos,4.40,360,2
73,0,0xbc3f8508d26048f2064aa8c068f4c94d08d77d18,9.071969,1772273387,a7abaa97f678a1930062d60dff5107629fa096bf6be3893b59bc658c5c140bc5,361,180.50,3.92,1,7,4,0.037999,0.698555,POS,pos,4.40,360,2
73,1,0xac768e60b9269babb15cb1e36ee843243d7c7543,51.844798,1772273389,ca72763155106f6d5d878cf1a8c5143bd789efe41c1ef0c7a91d1970ab918b3e,450,112.50,4.36,1,10,4,0.037926,0.698555,POS,pos,6.59,361,2
73,2,0x6d6b2734a20229ddd7fd4a1470ba3e3bad4e4a85,7.650784,1772273391,c53859a96a366700b31895864d3f019ea7c1c7ea7cfb565f47177197aa6c98fb,274,137.00,3.66,1,5,4,0.038285,0.699219,POS,pos,3.15,362,2
73,3,0x4ba33404d90c4ae989714d9d174cd882cffb7994,8.126572,1772273394,d0cfe14937d79c517284068317ebcb65ac755fe7e324028adc4c76ebb4fb4aca,450,225.00,4.07,1,7,4,0.038196,0.699005,POS,pos,3.32,363,2
73,4,0x408bb0bf84df50b21c53c74420987f172d4036a1,4.792394,1772273396,aa9ccaff557561d90bce3547561c2b986bf11d4249576976c8dd753ba9c14220,187,93.50,3.78,1,7,4,0.038112,0.698855,POS,pos,12.81,364,2
74,0,0xbc3f8508d26048f2064aa8c068f4c94d08d77d18,10.076169,1772273398,acc67316a2f4b9c0b6ad415034bfa34f70e3c0e6ed0640a2080285d4cbe4ca7d,450,150.00,3.63,1,6,4,0.037995,0.698322,POS,pos,8.92,365,2
74,1,0xeb82a21cb3d0dd781eb22ad74bb7cd9b4d2a06ec,20.957125,1772273400,83229c0872b3a8ceb7b1f4d52bcb21581556c2fe56861f66d9d61ef0801abbd4,243,121.50,3.92,1,5,4,0.037931,0.698379,POS,pos,3.58,366,2
74,2,0xac768e60b9269babb15cb1e36ee843243d7c7543,52.847158,1772273403,d8657b5b2df0d2b353b59eba8e0fc02efe2f13ffbe24d4a5bc785198c6115904,450,225.00,4.05,1,7,4,0.037976,0.698903,POS,pos,5.37,367,2
74,3,0x58a21eeb7ab18ba8adf1296e66a4487076e95dac,25.147634,1772273404,772fa7861a88d53664a855dd5cf55bab509213298387615b648c4863614edc78,319,159.50,3.79,1,6,4,0.038333,0.699558,POS,pos,3.50,368,2
74,4,0x07902d0371763a00d97ed9ba16ff0a206cb0fd19,8.539119,1772273406,2d9998aaef421ab449167d75c48232707c9d2ef556928ee49108fab074eff5be,313,313.00,4.27,1,8,4,0.038416,0.700122,POS,pos,6.52,369,2
75,0,0xa3786e459f289a76c0e8af8ad834e3d0c6d47199,17.756023,1772273408,2d9998aaef421ab449167d75c48232707c9d2ef556928ee49108fab074eff5be,313,313.00,4.27,1,8,4,0.038416,0.700130,POS,pos,6.52,369,2
75,1,0x89100a8056319ba37491b32ba255004180607bc2,11.795567,1772273410,4c2b3339fcd7a14c725fae8c4f734726f20f810f5643a7ba6613bdf2b599ccf2,450,90.00,4.46,1,12,4,0.038425,0.700558,POS,pos,7.82,370,2
75,2,0x89100a8056319ba37491b32ba255004180607bc2,12.799287,1772273413,a33e280f60a2684293a61434574262baaedcf6be0756a560ad34f6923779bcb0,382,191.00,3.79,1,8,4,0.038376,0.700808,POS,pos,5.30,371,2
75,3,0xe478b1e4d1538274c0c70cbd7df877f9abab2f62,12.315726,1772273415,c285559ceb4281b29227d851fc4a2463938605ac27ef55792fca2c72c7804ff8,435,217.50,4.11,1,10,4,0.038377,0.700816,POS,pos,2.45,372,2
75,4,0xd46407aa7b668c72de3cf1c1a12b7fa2e308a1b2,14.012139,1772273417,c285559ceb4281b29227d851fc4a2463938605ac27ef55792fca2c72c7804ff8,435,217.50,4.11,1,10,4,0.038337,0.701121,POS,pos,2.45,372,2
76,0,0x50f7fa851f9314d682e36da5caa4635039b5305d,0.087536,1772273419,648b0d9adacdeb6432dff1ecb1e5aac977af6ad696f9647197029cb9868a4d27,450,90.00,3.90,1,6,4,0.038309,0.701500,POS,pos,4.45,373,2
76,1,0x606627477c3734932f47972f83c27cf4e3b35b4f,27.442937,1772273421,278c2a35c5c31a7a656406ead7292f42ed305f8224219175255a545c77213324,274,137.00,3.44,1,5,3,0.038148,0.699437,POS,pos,9.07,374,2
76,2,0x6064b9f5883bf9737dfe314ff68c56e09e68ac89,6.187919,1772273423,278c2a35c5c31a7a656406ead7292f42ed305f8224219175255a545c77213324,274,137.00,3.44,1,5,3,0.038148,0.699441,POS,pos,9.07,374,2
76,3,0x606627477c3734932f47972f83c27cf4e3b35b4f,27.442867,1772273425,420cefb9b5868c3a66565a19eea2bb1a3f5c31cdb3be101145a9674b669f0b5a,450,150.00,3.88,1,6,4,0.038046,0.699082,POS,pos,4.80,375,2
76,4,0xe6ebb0cdfd04183d498964e5efc4096ba77b17d6,20.322083,1772273427,420cefb9b5868c3a66565a19eea2bb1a3f5c31cdb3be101145a9674b669f0b5a,450,150.00,3.88,1,6,4,0.038046,0.699090,POS,pos,4.80,375,2
77,0,0x58a21eeb7ab18ba8adf1296e66a4487076e95dac,26.150124,1772273429,626ce3c754a3942b00f6f6cb125b7042804f306cd6586acffaa322193f255bbd,450,90.00,4.11,1,8,4,0.038079,0.699559,POS,pos,6.82,376,2
77,1,0xb2a7fe70a6f3137d38f6cb4c3ec6dd1e24f2d5f4,5.419088,1772273432,b525ea86518406f6543f59384fdd348b99f0e78c12425baae21a471620afa70a,322,161.00,3.56,1,6,4,0.038166,0.700112,POS,pos,4.05,377,2
77,2,0x28672c71695142588ed26ada6f4b18b8b6c12308,4.687038,1772273433,96cf28d8fbec7b096156a46c63096ea5444f7f5de8ae9ce0c6222d8e3a843c93,450,225.00,4.16,1,7,4,0.038057,0.699669,POS,pos,6.23,378,2
77,3,0xa3786e459f289a76c0e8af8ad834e3d0c6d47199,18.759933,1772273435,f360632805a4c326f959f2a921068253a7ce72c704f4014f82cdc7b847f76214,123,123.00,2.55,1,4,2,0.037941,0.699082,POS,pos,68.95,379,2
77,4,0xac768e60b9269babb15cb1e36ee843243d7c7543,53.849488,1772273437,51ccd0f018881bb11fbcae553b5589413f4f8575c7c1348e05cb62b77dbebef1,339,113.00,4.15,1,6,4,0.037958,0.699504,POS,pos,3.73,380,2
78,0,0x58a21eeb7ab18ba8adf1296e66a4487076e95dac,27.153084,1772273439,03346674512d1770afe60c8081a13a52cdc3748f3b22c093c85583c849cb64b9,392,196.00,4.42,1,11,4,0.038301,0.700139,POS,pos,4.19,381,2
78,1,0xb2a7fe70a6f3137d38f6cb4c3ec6dd1e24f2d5f4,6.423318,1772273442,134f3658fc629eab6ad773cd72053e1d8926604acbf19429d294dd323272ed6d,336,168.00,4.44,1,9,4,0.038393,0.700719,POS,pos,2.77,382,2
78,2,0x63f4973c0df8a5358405f396dc0673a463c48de9,11.909717,1772273443,4f85d8db3d20f7fd15a280582244d0b31ef16f88caa9ca79b73a12c5094d4cd1,450,150.00,4.67,1,10,4,0.038393,0.700723,POS,pos,3.75,383,2
78,3,0xb7b4ee0a72bc410bf6d32b9cd3f3e11fc756d6f1,4.078009,1772273445,f1600888cfc947c691d7c100855c9fe53fe5d4e9c260083e7fef0abf84323970,42,0.00,3.00,1,6,3,0.038344,0.700933,POS,pos,23.17,384,2
78,4,0x6d6b2734a20229ddd7fd4a1470ba3e3bad4e4a85,8.653864,1772273447,d1f936058c3e4ca44b5723ecef9f63ee49a016db65ebfd1efd9210238a7b09f9,402,134.00,3.59,1,7,4,0.038222,0.700253,POS,pos,18.69,385,2
79,0,0x07902d0371763a00d97ed9ba16ff0a206cb0fd19,8.537819,1772273449,cf591c8fd993733fc414c0a8ffecf9e1d6ac8842a279a79d914d3263a981b6ee,299,149.50,4.06,1,8,4,0.038142,0.700162,POS,pos,4.14,386,2
79,1,0x8d9e46becf415ca26aa698c9657087e6554aabda,5.380266,1772273452,cf591c8fd993733fc414c0a8ffecf9e1d6ac8842a279a79d914d3263a981b6ee,299,149.50,4.06,1,8,4,0.038143,0.700173,POS,pos,4.14,386,2
79,2,0x58a21eeb7ab18ba8adf1296e66a4487076e95dac,28.156134,1772273454,e58acb778e5b5bfd9317ea06e1cc8df5401af2393ef8ef9da5d4ac838a8bb4aa,450,90.00,4.28,1,7,4,0.038034,0.699679,POS,pos,7.48,387,2
79,3,0xc577329e86aaecb006f17fb90499c54671119935,1.305892,1772273456,71eee0af83528241f8260fc3bbf0903f1048b62ab98ff3004a7d362944888507,183,183.00,3.08,1,4,3,0.038133,0.700262,POS,pos,4.78,388,2
79,4,0x58a21eeb7ab18ba8adf1296e66a4487076e95dac,29.157824,1772273458,c7f35d4eac6af299f276ceeba9da41ef6c6e6442199718e5b9f8cab65cc9034a,450,150.00,3.64,1,7,4,0.037987,0.699001,POS,pos,37.94,389,2
80,0,0xc24b36dee27726233c3bbd9e1f028f98b6b2a424,8.412229,1772273461,9198dd6f76333b95ce8a229636b669fe47b2c184e3e19a9593056d74486d6f0c,301,150.50,3.83,1,6,4,0.038094,0.699588,POS,pos,2.54,390,2
80,1,0x89100a8056319ba37491b32ba255004180607bc2,13.802477,1772273462,3179bd5aaa1e96967baccef01d30217bb46d902fe86e79c69f5a7f09c12d0c0d,450,225.00,4.06,1,9,4,0.038013,0.699428,POS,pos,7.24,391,2
80,2,0xe6ebb0cdfd04183d498964e5efc4096ba77b17d6,21.325613,1772273464,a450075b337edbcfe522bed41cbcab35c20fcfe664fcd552b1aa44e2c9b3eb89,63,63.00,3.56,1,5,4,0.037980,0.699752,POS,pos,8.63,392,2
80,3,0xac768e60b9269babb15cb1e36ee843243d7c7543,54.852738,1772273466,fa61b5eafffc906207a14235296300e283b6ab4e06398aa6b04c01609ab1ece9,346,115.33,3.93,1,7,4,0.038015,0.700219,POS,pos,3.40,393,2
80,4,0xd46407aa7b668c72de3cf1c1a12b7fa2e308a1b2,15.015329,1772273468,4e8fbbf7c6ac7ea80b50abe1b4c98e03dd64433fd5f23f2ceb24e0bbf1daa524,348,174.00,3.80,1,13,4,0.038345,0.700836,POS,pos,4.22,394,2
81,0,0xac768e60b9269babb15cb1e36ee843243d7c7543,55.856128,1772273470,468b1584b071f62afdf7dc46d28a0fa2024189c8e46695a1219d6c435f11eeb4,450,225.00,4.28,1,8,4,0.038321,0.701200,POS,pos,3.54,395,2
81,1,0x34412315480562da4810040fd15c81f99880e1ab,3.885613,1772273472,ba723f4512148334873ea8f1a67cff6dd99f053ef1aa598ff2ff07cbcb696bbe,58,58.00,4.29,2,6,4,0.038655,0.701811,POS,pos,2.93,396,2
81,2,0x63f4973c0df8a5358405f396dc0673a463c48de9,12.909257,1772273474,eb719d841a285f8edf17c5cf510ec37155b0443c2c9ce1dc92eb690dde513564,369,184.50,3.66,1,7,4,0.038655,0.701819,POS,pos,13.74,397,2
81,3,0xa447d277b02012c2afd9ddcbbe123f27cc971963,9.812365,1772273476,6fb966f7eb9a2e395c5d8921444dc8ce5813d8cbd4f4cf640a68de8c5b18629f,326,108.67,3.81,1,11,4,0.038488,0.701342,POS,pos,4.00,398,2
81,4,0x58a21eeb7ab18ba8adf1296e66a4487076e95dac,30.160474,1772273479,b0591e29938ed5e6a6049222ab47413a8ae394ace1a74968a8feb4b06554e6e3,450,225.00,3.92,1,8,4,0.038418,0.701337,POS,pos,11.17,399,2
82,0,0x89100a8056319ba37491b32ba255004180607bc2,14.802557,1772273480,a91d05b714155ce716fd6590c4164a0ed3d105c1ef9739422e66fc605ad76b5f,326,163.00,4.10,1,9,4,0.038523,0.701903,POS,pos,2.80,400,2
82,1,0xe478b1e4d1538274c0c70cbd7df877f9abab2f62,12.314016,1772273482,8a7e8c9457150af4e863774bd79cf333eabac8b5d0fa35c1081213ee9529e0fe,224,224.00,4.10,1,9,4,0.038496,0.702218,POS,pos,2.98,401,2
82,2,0x07902d0371763a00d97ed9ba16ff0a206cb0fd19,8.536999,1772273484,8a7e8c9457150af4e863774bd79cf333eabac8b5d0fa35c1081213ee9529e0fe,224,224.00,4.10,1,9,4,0.038496,0.702226,POS,pos,2.98,401,2
82,3,0xa3786e459f289a76c0e8af8ad834e3d0c6d47199,19.762053,1772273486,8a7e8c9457150af4e863774bd79cf333eabac8b5d0fa35c1081213ee9529e0fe,224,224.00,4.10,1,9,4,0.038497,0.702233,POS,pos,2.98,401,2
82,4,0x6d6b2734a20229ddd7fd4a1470ba3e3bad4e4a85,9.655774,1772273489,014c476e81ae766b22e301693aacba78a9c7d8b1eff29c3ce4a39075b344b9da,450,64.29,4.33,1,10,4,0.038512,0.702633,POS,pos,9.26,402,2
83,0,0x1d1d2c63625de70b1e5ef40056bd2deb89d7fef2,4.062438,1772273491,fc23d5bfdb08a87d91d09bc76933e98ec11bb5296e14e9ff17cd328cc200914a,140,70.00,3.29,1,5,4,0.038440,0.702579,POS,pos,9.51,403,2
83,1,0x606627477c3734932f47972f83c27cf4e3b35b4f,27.441317,1772273493,4dd82055e613290080ea70f2bf656a26c6e09597243f3c74b5c220cbe1452320,450,150.00,3.70,1,6,4,0.038321,0.701846,POS,pos,13.10,404,2
83,2,0x58a21eeb7ab18ba8adf1296e66a4487076e95dac,31.163364,1772273495,4dd82055e613290080ea70f2bf656a26c6e09597243f3c74b5c220cbe1452320,450,150.00,3.70,1,6,4,0.038321,0.701853,POS,pos,13.10,404,2
83,3,0x07902d0371763a00d97ed9ba16ff0a206cb0fd19,8.536609,1772273498,f2ee870755cc6dd99c89fe6d21f06dd5efe27398b3a6bb46dc12122abf8480c4,450,112.50,3.86,1,6,4,0.038432,0.702414,POS,pos,4.56,405,2
83,4,0xeb82a21cb3d0dd781eb22ad74bb7cd9b4d2a06ec,21.959265,1772273499,f2ee870755cc6dd99c89fe6d21f06dd5efe27398b3a6bb46dc12122abf8480c4,450,112.50,3.86,1,6,4,0.038433,0.702421,POS,pos,4.56,405,2
84,0,0xac768e60b9269babb15cb1e36ee843243d7c7543,56.855908,1772273501,f765e2e96d42881ee6e2c75636bd7397eb32bf15c61363df08acdf27e435b477,450,112.50,3.78,1,7,4,0.038465,0.702882,POS,pos,5.78,406,2
84,1,0x63f4973c0df8a5358405f396dc0673a463c48de9,13.911797,1772273503,6d4bf460d5e17532598c2426b2d70c539e6bc9995f1199101bed496933c6dac5,183,183.00,3.18,1,5,3,0.038788,0.703477,POS,pos,5.35,407,2
84,2,0xe6ebb0cdfd04183d498964e5efc4096ba77b17d6,22.328053,1772273505,1ce879053843b854a3c83b9ef73565f0720420da4039874be3bd9354531a1aad,450,150.00,3.88,1,6,4,0.038751,0.703744,POS,pos,4.83,408,2
84,3,0xbc3f8508d26048f2064aa8c068f4c94d08d77d18,11.075809,1772273508,6b5c7b11c99108c514667e5f2cfb39e1d567c1fd32380ec226486b00179d39be,266,133.00,4.05,1,7,4,0.038783,0.704191,POS,pos,2.79,409,2
84,4,0xd67aaaf210c0c36ddcb7055222d168b5c9dd1b36,1.171771,1772273509,dcffeb7eddf65a5e2d699f510d8da92e7a8a4ee05fed5185949fcea3b58ba209,450,150.00,4.23,1,7,4,0.038783,0.704195,POS,pos,5.76,410,2
85,0,0x606627477c3734932f47972f83c27cf4e3b35b4f,27.440897,1772273511,7200aaafdf0df5e5f5008c9bd2fcf83ed3f621200af8814a3607ef3ab75eada1,91,0.00,2.48,1,5,3,0.038640,0.702932,POS,pos,70.65,411,2
85,1,0xb7b4ee0a72bc410bf6d32b9cd3f3e11fc756d6f1,5.080419,1772273513,7200aaafdf0df5e5f5008c9bd2fcf83ed3f621200af8814a3607ef3ab75eada1,91,0.00,2.48,1,5,3,0.038641,0.702938,POS,pos,70.65,411,2
85,2,0x606627477c3734932f47972f83c27cf4e3b35b4f,27.440817,1772273516,e7446a63b8a9e483683e311672443c2c0d037e60a7009c9ee1921cdce87d09f5,450,90.00,3.78,1,7,4,0.038530,0.702379,POS,pos,5.23,412,2
85,3,0x4a217e35f6402e7f62a49f6d62e27c6585c2f3fd,7.492517,1772273517,e7446a63b8a9e483683e311672443c2c0d037e60a7009c9ee1921cdce87d09f5,450,90.00,3.78,1,7,4,0.038531,0.702386,POS,pos,5.23,412,2
85,4,0xb7b4ee0a72bc410bf6d32b9cd3f3e11fc756d6f1,6.084849,1772273519,d595efe9e0a6aaccad6767243ac54aa1c93b1c2b583b1389e5f89b6f503c15d4,450,112.50,3.60,1,7,4,0.038441,0.702101,POS,pos,26.84,413,2
86,0,0xc577329e86aaecb006f17fb90499c54671119935,2.308532,1772273521,fbac2b8cfee8e27782003e986c88d93319217b572ccb9dd75f45469baa350799,193,193.00,3.64,2,5,4,0.038340,0.701691,POS,pos,2.13,414,2
86,1,0x719361397abe003a91af76243e5f9c7a0cd4279f,10.545356,1772273524,bf349645a9af406cb154131a4c6c89f2dc8c7a4c1050441f163ee0385e273fcd,450,150.00,4.05,1,7,4,0.038208,0.700700,POS,pos,4.16,415,2
86,2,0x016d3fc36beee7caa8fbd6c1caa42461dd7f9850,5.876479,1772273525,86b3d535e414eabe27f66dab7dfc726c98d7f8fbdc561aed6bc198a8fcc5b344,321,160.50,3.50,1,6,3,0.038144,0.700737,POS,pos,16.11,416,2
86,3,0xd46407aa7b668c72de3cf1c1a12b7fa2e308a1b2,16.018419,1772273527,86b3d535e414eabe27f66dab7dfc726c98d7f8fbdc561aed6bc198a8fcc5b344,321,160.50,3.50,1,6,3,0.038145,0.700745,POS,pos,16.11,416,2
86,4,0xe6ebb0cdfd04183d498964e5efc4096ba77b17d6,23.330073,1772273529,eabf2983d0e4d92d48cc2dcf6d730944009e172ea1bc81ace581c5e07a6f9328,450,112.50,4.09,1,7,4,0.038125,0.701093,POS,pos,5.32,417,2
87,0,0xa9105f442328d397529b8e4e9e656fa89016ff45,0.450394,1772273531,484d06a266ce3f50922f111310689605b7a808daa4fd2c4496e55812b39a0075,218,109.00,3.61,1,6,4,0.038165,0.701560,POS,pos,4.25,418,2
87,1,0xa068e3c9a21c8d8be636cd2d285895979ec3262e,8.968341,1772273534,662ca60ce7b851d004a3cba5514d8f81f8cd33591228688a2f8ff3d48ab00adb,450,225.00,4.19,1,8,5,0.038020,0.699959,POS,pos,72.26,419,2
87,2,0x606627477c3734932f47972f83c27cf4e3b35b4f,27.440307,1772273535,c86d1f8e420ae5ace93d4a8755e2a765850c8b9c4d359d48b138d85f7af458aa,340,170.00,4.01,1,9,4,0.037944,0.699839,POS,pos,9.74,420,2
87,3,0xbc3f8508d26048f2064aa8c068f4c94d08d77d18,11.075179,1772273537,c86d1f8e420ae5ace93d4a8755e2a765850c8b9c4d359d48b138d85f7af458aa,340,170.00,4.01,1,9,4,0.037944,0.699845,POS,pos,9.74,420,2
87,4,0xe6ebb0cdfd04183d498964e5efc4096ba77b17d6,24.332013,1772273539,d553beba380176f9bb16542fe9463545419346a55ed847ca052431fc94eebb22,450,112.50,4.35,1,10,4,0.037886,0.699923,POS,pos,5.19,421,2
88,0,0xe6ebb0cdfd04183d498964e5efc4096ba77b17d6,25.334763,1772273542,e03b93eadd47273b01397d44862e048cc616db92f90c92c40d7459fb6315d485,276,138.00,3.89,1,5,4,0.037932,0.700388,POS,pos,3.72,422,2
88,1,0xbc3f8508d26048f2064aa8c068f4c94d08d77d18,12.079529,1772273543,a16276cc036245aaa4ea4af8370badc3aeb602c2955b1c95cb39e9a2c2876cc9,450,225.00,4.57,1,7,4,0.037933,0.700395,POS,pos,2.80,423,2
88,2,0xac768e60b9269babb15cb1e36ee843243d7c7543,57.856598,1772273545,e93c0ea690326a0551916a2bab5f07188505aff78116dbe0a60ff58891e2a09b,44,44.00,4.07,4,5,4,0.037882,0.700564,POS,pos,3.00,424,2
88,3,0xb2a7fe70a6f3137d38f6cb4c3ec6dd1e24f2d5f4,6.420848,1772273547,c6e3ff60a60dfc2419d5aa85b8fd2daabd1558561bd84fc190534e7e8130a57a,418,139.33,3.78,1,7,4,0.038191,0.701147,POS,pos,6.25,425,2
88,4,0x34412315480562da4810040fd15c81f99880e1ab,4.887573,1772273549,feae93a6e60e4cf133adf8d9c5e26af54141a63d379942e274faeaa37ff076a5,318,159.00,3.98,1,11,4,0.038095,0.700757,POS,pos,10.53,426,2
89,0,0x606627477c3734932f47972f83c27cf4e3b35b4f,27.439837,1772273552,90531b0a2becbbcca67a3b5d0b67e354544a268ee32812511d8b9edc3174c244,450,225.00,4.03,1,7,4,0.037987,0.700144,POS,pos,4.54,427,2
89,1,0x606627477c3734932f47972f83c27cf4e3b35b4f,27.439827,1772273553,90531b0a2becbbcca67a3b5d0b67e354544a268ee32812511d8b9edc3174c244,450,225.00,4.03,1,7,4,0.037987,0.700147,POS,pos,4.54,427,2
89,2,0xac768e60b9269babb15cb1e36ee843243d7c7543,58.860488,1772273555,90531b0a2becbbcca67a3b5d0b67e354544a268ee32812511d8b9edc3174c244,450,225.00,4.03,1,7,4,0.037988,0.700154,POS,pos,4.54,427,2
89,3,0x26d553a2f4343b3a7dc88bbd87b3d0a25d3838d9,12.228420,1772273557,67069f3a626517fee0a72e57de23b23c91b3a121fce2f15d5467b06120603c7b,450,75.00,3.87,1,7,4,0.038300,0.700734,POS,pos,5.59,428,2
89,4,0xac768e60b9269babb15cb1e36ee843243d7c7543,59.864918,1772273560,71f11edb6b737322680af17fbd288d22e8e9ee3a23b37c352b7211f30e7fff1d,369,184.50,3.64,1,6,4,0.038248,0.700880,POS,pos,5.94,429,2
90,0,0xc774b0fee7cabbef3b1ae14bf36db3df0d32c1df,1.152287,1772273561,19315f8c108f704d921aa3c9c153a9559c3a30ffc15710001e6d6c9ce7786d08,450,225.00,4.44,1,8,4,0.038249,0.700887,POS,pos,2.57,430,2
90,1,0x4a217e35f6402e7f62a49f6d62e27c6585c2f3fd,8.495927,1772273563,430bfc8d29f3952272896648a9c708b9367fc1db8ee6331ad181a859e4307f80,67,67.00,1.85,1,5,1,0.038112,0.699621,POS,pos,345.01,431,2
90,2,0xac768e60b9269babb15cb1e36ee843243d7c7543,59.864728,1772273565,8524f0b61a508db9cd150597933f848d48a0b6a38faf378831fb24fbe6805a5a,421,140.33,3.84,1,10,4,0.038113,0.699627,POS,pos,5.42,432,2
90,3,0xa3786e459f289a76c0e8af8ad834e3d0c6d47199,20.764513,1772273568,0712ac328cd770f28fe7243e401536b808a48714d1df836038ff10323eaf73bc,297,148.50,3.83,1,10,4,0.038346,0.700004,POS,pos,2.91,433,2
90,4,0x269cdf52f97e1d9f14b7be895155a7b294f0b21d,2.710333,1772273569,2a51642938ab098e5f4a0079f6202aa37cb1015b4826a0419f5765b4d048f9fb,450,225.00,4.28,1,7,4,0.038346,0.700012,POS,pos,5.76,434,2
91,0,0xbc3f8508d26048f2064aa8c068f4c94d08d77d18,13.079289,1772273571,2f273d7e8d2644ae40aa37b13dec477c3115950cf15fa49b140b248ba92cdffd,81,81.00,3.10,2,4,3,0.038222,0.699152,POS,pos,5.73,435,2
91,1,0x016d3fc36beee7caa8fbd6c1caa42461dd7f9850,5.875439,1772273573,1b87070978a1d71dae9d2dd358c530e8cb97e769e05b97d74dd89afea2ac45b9,334,111.33,4.17,1,7,4,0.038177,0.699352,POS,pos,3.18,436,2
91,2,0x26d553a2f4343b3a7dc88bbd87b3d0a25d3838d9,13.231690,1772273575,1b87070978a1d71dae9d2dd358c530e8cb97e769e05b97d74dd89afea2ac45b9,334,111.33,4.17,1,7,4,0.038177,0.699359,POS,pos,3.18,436,2
91,3,0xac768e60b9269babb15cb1e36ee843243d7c7543,60.867378,1772273578,66ad098c78cb7cef227f2e095467b6615cf21260ea7d048d491089243815c7be,450,112.50,4.02,1,9,4,0.038133,0.699541,POS,pos,5.52,437,2
91,4,0xc24b36dee27726233c3bbd9e1f028f98b6b2a424,9.414119,1772273579,17d9b7fada760dac2cb23b30b36fefc9bf785837c7d88df275e345c6472404e8,105,52.50,2.94,1,6,3,0.038447,0.700109,POS,pos,8.23,438,2
92,0,0x89100a8056319ba37491b32ba255004180607bc2,15.802407,1772273581,98b8fcf9fcefd5979ee157977bd2811327ade91d4ea23bdddb9fbe9d4cbf5a1b,317,317.00,3.73,1,6,4,0.038373,0.699993,POS,pos,4.95,439,2
92,1,0xac768e60b9269babb15cb1e36ee843243d7c7543,61.868398,1772273583,565be865f4726c813a49113d34f8d66050b00b3b6131b2727d9b9af94dbf593f,416,138.67,3.81,1,10,4,0.038347,0.700290,POS,pos,7.52,440,2
92,2,0xa3786e459f289a76c0e8af8ad834e3d0c6d47199,20.764103,1772273586,d22b74d0be817a70a12cf971201038c825dbb72fb0f551d8ac1abe902cbf12ab,249,124.50,3.93,1,7,4,0.038664,0.700857,POS,pos,2.31,441,2
92,3,0x30509a8084fdfe6fe24d9c9a817c209ad194f8e3,2.633209,1772273587,4c110d7dbad38693a5063ea6a77afa7635b0eb9c59f9424ea2f1b246aaca168c,450,225.00,4.21,1,7,4,0.038664,0.700864,POS,pos,3.46,442,2
92,4,0x58a21eeb7ab18ba8adf1296e66a4487076e95dac,32.165974,1772273589,4ca0556442c27a579ad929ce971d88d5a194f721f23f7c271029eeba041d293d,70,70.00,2.60,2,3,3,0.038539,0.699958,POS,pos,63.34,443,2
93,0,0x719361397abe003a91af76243e5f9c7a0cd4279f,11.546756,1772273591,2ec09124d744b7178b0f9c2dc32c82d280863866ffe97b0fa32adfdb0bb6d9d9,379,126.33,3.76,1,7,4,0.038633,0.700485,POS,pos,4.76,444,2
93,1,0x1d1d2c63625de70b1e5ef40056bd2deb89d7fef2,5.064408,1772273593,514d97e4da6c3a86ba7e4faf7a043924886b80cf52007fc096162af94a6ec858,309,154.50,3.79,1,11,4,0.038574,0.700557,POS,pos,7.46,445,2
93,2,0x58a21eeb7ab18ba8adf1296e66a4487076e95dac,33.169644,1772273596,6c5532902bed8696be756a5084850b27737b3aa84d0cc5c0eb321543a485f0aa,450,225.00,3.96,1,6,4,0.038467,0.699963,POS,pos,7.97,446,2
93,3,0x606627477c3734932f47972f83c27cf4e3b35b4f,27.438857,1772273597,720b113131c57d552d2b8ac335b52aa61c0e050d6a122ce193da7c8046f5a05b,348,174.00,4.01,1,7,4,0.038567,0.700487,POS,pos,2.53,447,2
93,4,0xeb82a21cb3d0dd781eb22ad74bb7cd9b4d2a06ec,22.961045,1772273599,720b113131c57d552d2b8ac335b52aa61c0e050d6a122ce193da7c8046f5a05b,348,174.00,4.01,1,7,4,0.038567,0.700494,POS,pos,2.53,447,2
94,0,0x95ab54d268473cce82094026afefdbd5cadf418b,2.583938,1772273601,1bb32f15e892439db1f4a7e19492657758ca95cf439feafe310be63c4aac9be8,450,112.50,3.98,1,9,4,0.038591,0.700901,POS,pos,9.04,448,2
94,1,0xa447d277b02012c2afd9ddcbbe123f27cc971963,10.813575,1772273603,f253a835e804e7eecb14721e9c8e0959a4ac95dd8abf0440114684fa0a8fdd0d,288,144.00,3.91,1,9,4,0.038467,0.699957,POS,pos,18.00,449,2
94,2,0xac768e60b9269babb15cb1e36ee843243d7c7543,62.870338,1772273606,a325e562770b84da5b4fc0ad24398f93b04671c02a511caebf7f123616039e05,450,225.00,3.84,1,10,3,0.038404,0.699965,POS,pos,4.68,450,2
94,3,0xac768e60b9269babb15cb1e36ee843243d7c7543,63.872288,1772273608,a0beee16b593018a80688888bb0b59cc62fc9bfacf801c5120dc3496307978ae,200,100.00,3.42,1,5,4,0.038714,0.700523,POS,pos,3.57,451,2
94,4,0x89100a8056319ba37491b32ba255004180607bc2,16.805767,1772273610,1d032bcc1efebf9ccff41cd13764e66704b3b835efa54d4acb47524d47bc0420,450,150.00,4.28,1,7,4,0.039030,0.701079,POS,pos,3.51,452,2
95,0,0x89100a8056319ba37491b32ba255004180607bc2,17.808247,1772273612,8bd6f8cc0cfc892292d54add39051d7c68cfe42fc421a93ae6372bf05c16dade,250,250.00,3.33,1,4,3,0.039006,0.701397,POS,pos,3.75,453,2
95,1,0x6d6b2734a20229ddd7fd4a1470ba3e3bad4e4a85,10.653974,1772273615,8384dce0dd1dccc5c43ae53404e098d36fe98466e2d570add76e226fe28c0195,450,150.00,4.01,1,7,4,0.038990,0.701722,POS,pos,2.88,454,2
95,2,0xe6ebb0cdfd04183d498964e5efc4096ba77b17d6,25.332933,1772273616,d9fcb046d7131198c7a1e1fbaf8f90c8889db85afadf216227b8982438f44dbb,348,174.00,3.71,1,7,4,0.038923,0.701680,POS,pos,7.19,455,2
95,3,0xa3786e459f289a76c0e8af8ad834e3d0c6d47199,20.763273,1772273618,1e9e173dc3edbe5b4c19f8a6bbc94bd23804558181af0891633073f118391306,243,243.00,3.91,1,8,4,0.038959,0.702117,POS,pos,5.71,456,2
95,4,0x58a21eeb7ab18ba8adf1296e66a4487076e95dac,34.172614,1772273620,d685eb61a4eb5a286941519a60d61e2bfe55c0faa5d27dcb54765a5aa687def7,450,150.00,4.70,1,11,4,0.038963,0.702476,POS,pos,5.02,457,2
96,0,0x408bb0bf84df50b21c53c74420987f172d4036a1,5.791304,1772273622,ad148b52723d1944fabe575db7f2df1a89cadf700acaf0182e80a8b17c0c8be5,289,144.50,3.40,1,5,3,0.039061,0.702985,POS,pos,4.45,458,2
96,1,0x6064b9f5883bf9737dfe314ff68c56e09e68ac89,7.187809,1772273625,9b2fcd921cc709a6cec7142d9b01f9c4cb622aecaa12190f7a72dcb969e94350,450,225.00,3.84,1,7,4,0.038959,0.702519,POS,pos,6.69,459,2
96,2,0x89100a8056319ba37491b32ba255004180607bc2,18.812427,1772273627,f256e009084e89d4c57ca877d3a2320fb248039ea59d545614250732e5d5ff57,209,104.50,3.67,1,7,4,0.038868,0.702198,POS,pos,8.91,460,2
96,3,0x30509a8084fdfe6fe24d9c9a817c209ad194f8e3,3.633029,1772273629,4d1a0db958ac8d562668b87829b6a3a695c1a25e6b2239a938f01265a857db9a,450,150.00,3.71,1,8,4,0.038857,0.702518,POS,pos,4.25,461,2
96,4,0x606627477c3734932f47972f83c27cf4e3b35b4f,27.437867,1772273631,5d946713cc89efa3cbd497ca339ce99be7cc573011658e309c700942e5252d1c,296,148.00,3.24,1,5,3,0.038742,0.701794,POS,pos,3.58,462,2
97,0,0x63f4973c0df8a5358405f396dc0673a463c48de9,14.913097,1772273634,5d946713cc89efa3cbd497ca339ce99be7cc573011658e309c700942e5252d1c,296,148.00,3.24,1,5,3,0.038743,0.701801,POS,pos,3.58,462,2
97,1,0x8c11ec9090dd820c076e57e899d9c604c79d6b32,1.542409,1772273635,0becd2567c52df78e5ab98b97e6c075e0bdbb15ffaf1677a5db7f1045f8008ec,450,112.50,4.10,1,8,4,0.038705,0.702047,POS,pos,5.41,463,2
97,2,0xc577329e86aaecb006f17fb90499c54671119935,3.310012,1772273637,e64fb12334a49fc8ba99bad640060b587ce098375682dcfd3ee4bb20715a6dc0,95,95.00,3.12,1,4,3,0.038577,0.700883,POS,pos,55.82,464,2
97,3,0x63f4973c0df8a5358405f396dc0673a463c48de9,15.917517,1772273639,da0630b0a9d86d2919435c67eea2cb13eb0b4acbe10c91d06eb2f23000653772,375,125.00,3.86,1,7,4,0.038461,0.700091,POS,pos,5.77,465,2
97,4,0xeb82a21cb3d0dd781eb22ad74bb7cd9b4d2a06ec,23.964485,1772273642,5edd61e6fe54f9d3ea1c15c3eee89f4c86aa163b03cba10ec9a0ed03024a9b72,339,169.50,4.06,1,8,4,0.038431,0.700338,POS,pos,2.69,466,2
98,0,0x37cc7a82e66d4f4c2ae13b9ee895d3af1a1d7a05,0.240615,1772273643,4d55d330738a2e0813a013f2ff08a581a828f114237cf94ba7e2d83ecaf5fa1a,450,225.00,4.59,1,8,4,0.038431,0.700345,POS,pos,3.36,467,2
98,1,0xac768e60b9269babb15cb1e36ee843243d7c7543,64.875898,1772273645,39f402f35d7b20b1c69a4a2716f9169a36ecc74eb877e559cf2d8fbe29a26bea,41,41.00,3.22,1,6,4,0.038296,0.698697,POS,pos,190.24,468,2
98,2,0x377eaef292051bbf8ada05b2af76a3f3b9d722a7,0.032397,1772273647,ffa0b65eb5253264a17ee1745b67fdeb146c84a41f8026c7e79f97a2b8cf4f41,390,130.00,3.69,1,7,3,0.038597,0.699240,POS,pos,6.68,469,2
98,3,0xa3786e459f289a76c0e8af8ad834e3d0c6d47199,21.767093,1772273649,2ade2cea57eb44578f66a72e7b24d625a7af02052e527b9fb316e487316422f9,376,188.00,3.77,1,11,3,0.038460,0.697367,POS,pos,24.61,470,2
98,4,0x6064b9f5883bf9737dfe314ff68c56e09e68ac89,8.189119,1772273652,6918c121820942d0bc78218c3c35f953c30daacb2cb8efc9d1b4f07d11426a5d,450,225.00,4.86,1,9,5,0.038468,0.697727,POS,pos,3.10,471,2
99,0,0xeb82a21cb3d0dd781eb22ad74bb7cd9b4d2a06ec,23.964165,1772273654,4bcd09b75dc997cbb17bb8fe8eb84828fca651cf84dc55e8ba2fadedff8ae433,83,41.50,3.60,1,5,4,0.038386,0.697490,POS,pos,3.55,472,2
99,1,0x4a217e35f6402e7f62a49f6d62e27c6585c2f3fd,9.497647,1772273656,71cd35fd249b423ba619730a52b6399c27520a24704aec9489cd8a9394aa0b94,450,150.00,4.10,1,7,4,0.038410,0.697885,POS,pos,3.76,473,2
99,2,0xb2a7fe70a6f3137d38f6cb4c3ec6dd1e24f2d5f4,7.421518,1772273658,34d0d2574af3c6afd0fb095b3d527566ffcb294f0c4425c010ede26d67baaefd,215,107.50,3.50,1,5,3,0.038337,0.697754,POS,pos,5.66,474,2
99,3,0x719361397abe003a91af76243e5f9c7a0cd4279f,12.548136,1772273661,8901087009c61ab76cf55d8a1f01565d726216535192036271169a1c46257862,450,225.00,4.12,1,6,4,0.038250,0.697430,POS,pos,4.71,475,2
99,4,0xa3786e459f289a76c0e8af8ad834e3d0c6d47199,22.771233,1772273662,e5d2fa2336db78972a56804e68d44c5e74dece438edab3a290b806b44152f64b,102,51.00,2.91,1,4,3,0.038198,0.697533,POS,pos,16.66,476,2
